"1553954_at","1554078_s_at","1555832_s_at","1555950_a_at","1560089_at","1560587_s_at","1563796_s_at","200006_at","200632_s_at","200665_s_at","200738_s_at","200827_at","200838_at","200839_s_at","200931_s_at","200983_x_at","201012_at","201022_s_at","201141_at","201170_s_at","201185_at","201217_x_at","201243_s_at","201261_x_at","201289_at","201323_at","201422_at","201426_s_at","201578_at","201590_x_at","201666_at","201925_s_at","201926_s_at","201939_at","201951_at","202022_at","202068_s_at","202237_at","202238_s_at","202419_at","202457_s_at","202478_at","202490_at","202707_at","202814_s_at","202839_s_at","202887_s_at","202904_s_at","202939_at","202949_s_at","203001_s_at","203072_at","203083_at","203147_s_at","203382_s_at","203476_at","203895_at","204179_at","204264_at","204338_s_at","204472_at","204544_at","204584_at","204620_s_at","204679_at","205386_s_at","205677_s_at","205963_s_at","206426_at","206686_at","207016_s_at","207543_s_at","207574_s_at","208089_s_at","208399_s_at","208490_x_at","208538_at","208885_at","208891_at","208892_s_at","208893_s_at","208918_s_at","208961_s_at","209043_at","209101_at","209184_s_at","209185_s_at","209193_at","209345_s_at","209386_at","209387_s_at","209457_at","209487_at","209545_s_at","209624_s_at","209711_at","209875_s_at","210016_at","210095_s_at","210275_s_at","210427_x_at","210495_x_at","210512_s_at","210517_s_at","210592_s_at","210652_s_at","210845_s_at","211073_x_at","211074_at","211719_x_at","211924_s_at","211928_at","211988_at","212013_at","212039_x_at","212143_s_at","212171_x_at","212463_at","212464_s_at","212501_at","212632_at","212884_x_at","213274_s_at","213293_s_at","213503_x_at","213905_x_at","214527_s_at","214581_x_at","214620_x_at","214866_at","215033_at","215034_s_at","215792_s_at","216143_at","216392_s_at","216442_x_at","217356_s_at","217434_at","217762_s_at","217773_s_at","217996_at","218213_s_at","218698_at","218856_at","218881_s_at","218902_at","219038_at","219171_s_at","219206_x_at","219539_at","220719_at","221306_at","221419_s_at","221479_s_at","221523_s_at","221563_at","221591_s_at","221648_s_at","221656_s_at","221667_s_at","221730_at","221731_x_at","221745_at","222421_at","222994_at","223003_at","223122_s_at","223163_s_at","223172_s_at","223193_x_at","223312_at","223454_at","223455_at","224314_s_at","224602_at","224606_at","224657_at","224777_s_at","224806_at","224890_s_at","224911_s_at","225010_at","225011_at","225337_at","225494_at","225670_at","225750_at","226041_at","226452_at","226594_at","226648_at","226727_at","226987_at","227143_s_at","227338_at","227735_s_at","227736_at","227961_at","229676_at","230630_at","231576_at","234983_at","241355_at","242648_at","35156_at","36711_at","58780_s_at","survival"
3.399846713,3.492341253,3.595385981,3.509336958,2.631443769,4.22657413,2.555094449,4.350364332,3.658964843,4.426283482,4.379740501,3.218535505,3.677333151,3.92680531,3.996818022,4.141418415,3.684665864,4.331852272,3.611723308,3.354876423,3.943642883,4.524149368,3.828144107,3.479719235,3.779091204,3.103803721,3.997561116,4.400244331,3.306425028,4.206232024,4.170613703,3.237794993,3.359645793,3.396373728,2.413299764,3.438225808,4.421027776,3.190891717,2.833147112,3.432969291,3.385606274,4.007875744,3.017033339,2.285557309,3.102433706,3.541079768,3.903795143,3.081347308,4.030721129,4.003029471,2.096910013,2.758154622,3.550717423,2.59439255,4.387265216,3.247482261,2.541579244,2.326335861,3.061452479,2.220108088,3.561697533,3.244771761,2.071882007,3.729731595,2.127104798,2.301029996,2.810904281,3.362105319,2.075546961,2.459392488,1.812913357,3.674309889,3.357744325,2.72916479,2.178976947,3.073351702,2.164352856,3.114277297,3.460296327,3.32674538,3.121559844,3.91892109,3.305995883,3.241297387,3.787602146,4.001214325,4.297322714,3.022840611,3.569022586,3.709269961,3.092720645,3.542825427,3.33304403,2.788168371,3.172602931,3.435207103,3.378579576,1.986771734,4.171287551,4.21386293,4.186673867,4.219715476,4.188703548,2.959518377,3.949585151,2.214843848,2.679427897,4.481026768,3.534153074,4.223132362,2.50242712,3.845903839,3.377488383,3.080265627,4.460867787,3.838597253,4.09985322,3.822429624,4.195124423,4.085397622,2.971275849,4.27404233,3.241048151,3.111262514,4.177449921,3.643650038,3.368286885,2.294466226,3.768045814,2.274157849,2.181843588,3.161068385,3.304705898,2.096910013,3.263162465,4.207311151,4.178976947,2.73239376,3.802431626,4.251370505,2.942504106,4.186504298,3.599118565,2.416640507,2.80685803,2.755112266,3.122870923,2.267171728,3.855519156,3.046104787,2.350248018,2.447158031,3.528659645,3.653983907,2.864511081,3.032215703,2.868644438,2.92890769,2.390935107,3.456669629,2.938519725,3.727378569,3.029383778,3.636186895,4.13225969,3.798028793,2.071882007,3.124178055,3.08350262,3.764997599,3.191171456,2.678518379,3.202488317,3.195899652,3.621695462,3.51401618,3.562649672,3.976441689,3.185542155,3.217747073,3.305351369,3.498448403,3.612359948,3.591954555,3.662568967,3.056904851,3.547774705,3.007747778,3.105850674,3.300378065,3.29380436,2.761175813,2.72916479,2.588831726,3.158663981,2.303196057,2.033423755,3.382557322,3.066325925,2.408239965,3.127752516,3.709863317,2.294466226,3.179551791,3.19838213,3.090610708,3.660865478,0
3.64384731,4.011189688,3.380211242,3.897077003,2.354108439,4.149527014,3.249931757,4.277609214,3.294906911,4.265525335,4.422737534,2.965671971,3.834611421,4.003589767,3.730297662,4.169204037,3.102090526,4.447793497,2.876217841,3.2757719,3.103803721,4.418649251,3.609807769,3.105850674,3.000867722,3.156549151,4.023705043,4.070185686,3.170555059,3.702085721,4.08905688,3.616265405,3.775974331,3.005609445,2.117271296,3.565847819,4.416524014,2.133538908,1.792391689,3.436639632,3.242292905,2.999130541,3.147985321,2.480006943,3.156851901,3.656960183,3.892428547,3.161068385,3.950364854,3.521138084,2.190331698,3.031812271,2.64738297,2.610660163,4.316787812,2.120573931,2.326335861,2.212187604,2.883661435,1.939519253,2.92992956,2.777426822,2.190331698,2.821513528,3.444044796,2.123851641,2.740362689,3.940715657,2.178976947,2.181843588,2.117271296,3.292477594,3.261976191,2.854306042,2.190331698,2.796574333,1.963787827,3.27392678,3.370142847,3.26245109,3.079543007,3.885530833,2.964730921,3.321805484,2.706717782,3.616895426,4.10625891,2.829303773,3.115277591,3.497206181,2.860338007,3.186956335,3.232233521,2.733999287,3.519040039,3.280805928,3.083860801,1.968482949,3.658869592,3.982858942,3.716420734,3.537063143,4.090857396,2.851869601,3.914448941,2.851869601,2.757396029,4.363461549,3.581038949,3.55339751,2.50242712,3.46478752,3.705007959,2.782472624,4.349685398,3.229937686,3.738859802,3.83872319,3.506640306,4.05579866,3.059184618,4.261167671,3.206556044,3.134495856,3.675778342,3.15624619,3.521530341,2.389166084,3.640481437,2.089905111,2.209515015,2.978636948,3.245512668,2.133538908,2.916980047,3.530967682,4.198684573,2.152288344,3.500922239,4.272305844,2.808210973,4.243137305,3.31386722,2.862131379,2.409933123,2.73479983,3.312811826,2.260071388,3.861295394,3.15624619,2.383815366,2.682145076,3.58500928,3.582290683,3.37401474,2.873320602,2.677606953,2.828659897,2.298853076,4.267289089,2.540329475,2.757396029,2.892651034,3.629817196,4.2018885,3.920384242,2.854913022,3.079904468,2.786751422,4.164174342,3.426511261,2.745074792,3.329397879,2.46834733,3.645225712,3.308777774,3.150449409,3.991536175,3.307496038,3.044931546,2.893761762,3.51295108,3.610553705,4.021850577,3.893983567,3.379486814,3.385427515,3.113943352,2.982271233,3.1532049,3.104487111,3.105510185,2.77524626,2.547774705,3.131939295,2.462397998,2.322219295,3.161068385,2.901458321,2.155336037,3.1430148,3.620136055,2.685741739,3.031812271,3.319314304,2.57863921,3.152594078,0
3.224274014,3.856184927,4.150418694,3.285782274,2.484299839,4.0442653,2.813580989,4.271493102,4.015527404,4.431041945,4.490520309,3.436162647,3.533009022,3.829432434,3.915188705,4.103324707,3.404320467,4.361482296,3.168202747,3.891760401,3.923658422,4.425680917,3.852662944,3.337459261,3.917872955,2.957607287,3.093771781,4.473253337,3.544935766,3.953904593,4.51649571,3.009025742,3.078456818,3.442793226,2.522444234,3.46834733,4.442040549,3.278296208,2.762678564,3.532499586,3.494293769,3.459995256,2.247973266,2.359835482,3.098643726,3.452553063,4.198657087,2.846955325,3.839163683,3.999304572,2.460897843,2.772321707,3.657151502,2.653212514,4.226599905,3.148910993,2.50242712,2.173186268,2.943494516,1.919078092,3.749117662,3.145507171,2.201397124,3.829882446,3.38774566,2.382017043,2.484299839,3.643748685,2.167317335,2.447158031,2.136720567,3.959375337,3.659250469,2.654176542,1.886490725,2.605305046,2.190331698,3.072249898,3.537063143,3.368658712,2.975431809,3.71130096,3.829175074,3.386498966,3.35831564,3.658869592,3.890029586,2.876217841,3.498310554,3.803388825,3.097951071,3.958277126,3.434568904,2.813580989,3.232487866,3.153814864,3.603577368,2.08278537,4.193541989,4.247482261,3.955543442,4.286703413,4.329438561,3.661812686,4.111833578,2.103803721,2.972202838,4.390157625,3.553033016,4.298219723,2.794488047,3.851686315,3.484299839,3.258397804,4.387781227,3.721480855,4.17067234,3.912222057,4.243062865,4.236083585,3.379849179,4.113642583,3.194514342,3.048441804,3.929009985,3.559068334,3.361538971,2.57634135,4.099956734,2.276461804,2.387389826,3.176380692,3.115277591,2.152288344,2.691965103,4.260548373,4.174292455,3.059941888,3.857272174,4.020692679,3.392169149,4.149434666,3.346548559,3.10002573,2.457881897,2.981818607,3.393048466,2.40654018,3.888291845,3.045714059,2.545307116,2.522444234,3.554973458,3.98846977,3.102090526,2.959994838,2.440909082,2.692846919,2.682145076,4.116873286,3.043362278,3.86009833,2.843232778,3.575880316,3.820595497,3.994669022,1.86332286,2.900367129,3.357934847,4.292544028,3.041392685,3.152288344,3.130976692,2.870403905,3.902601131,4.098470666,3.733036683,3.981138783,3.121887985,2.938519725,3.507045872,3.486855355,3.649529566,3.34084055,3.855276804,3.133538908,3.958516103,3.014100322,3.862250675,3.046495164,3.084576278,2.78604121,2.568201724,2.603144373,2.977266212,2.409933123,2.079181246,3.252124553,2.46834733,3.277150614,2.527629901,3.669130847,2.411619706,3.254548077,3.149834697,3.703291378,3.589949601,0
3.46329561,3.938519725,3.289811839,3.382017043,2.374748346,4.034066679,3.002597981,4.263612401,3.479863113,4.245808677,4.361633414,2.984527313,3.714497409,3.892651034,3.686546899,4.028286509,3.599555591,4.355681346,3.937116511,4.101918834,3.791690649,4.489212933,3.931864513,2.703291378,2.720985744,3.215901813,4.39476678,4.371732655,3.009450896,4.21940113,4.321184027,3.127752516,3.178113252,3.215901813,2.901458321,2.951823035,3.203304916,2.133538908,2.008600172,3.272769587,3.504878459,3.189490314,2.474216264,2.354108439,3.139249218,3.816903839,4.275288314,2.959518377,3.775391972,1.897627091,2.089905111,2.723455672,2.492760389,2.766412847,3.110252917,3.395501124,2.719331287,2.33243846,2.928395852,1.959041392,3.959947216,2.748188027,1.939519253,2.509202522,3.714413592,2.498310554,2.456366033,3.851197176,2.139879086,2.204119983,3.311329952,3.475961589,3.595385981,2.621176282,2.475671188,3.379124146,1.77815125,3.07773118,3.175511813,3.08849047,2.600972896,3.751048035,2.981365509,3.557988148,2.328379603,3.678154038,4.115677065,3.265289626,3.320976677,3.338854746,2.770852012,3.164055292,2.943988875,2.871572936,3.420615771,3.283301229,4.253943463,2.025305865,3.698883137,4.181214548,4.231749854,3.423081958,4.035789833,2.599883072,3.937868797,3.319106059,2.630427875,4.450664723,3.504878459,3.369030222,2.359835482,3.730216841,3.516270883,2.675778342,4.422934381,3.236537261,3.749117662,3.54344718,3.330210785,4.250371202,3.340047318,3.15624619,3.149219113,3.003029471,4.18830963,2.773786445,3.496376054,2.622214023,3.710540448,1.977723605,2.064457989,2.764922985,3.240798771,2.113943352,2.98721923,3.395151592,4.118165485,2.127104798,3.105510185,4.294862862,2.622214023,4.097673699,3.027757205,3.181271772,2.390935107,2.710117365,3.468199586,2.123851641,3.909074401,3.292477594,2.260071388,2.501059262,3.468199586,3.698883137,3.525174428,2.922206277,2.62838893,2.285557309,2.790988475,4.128496199,2.418301291,2.474216264,3.128722284,3.747100931,3.907465107,3.98668218,2.198657087,3.329397879,3.038222638,4.167937313,3.343999069,2.583198774,2.999130541,2.59439255,3.969602265,3.227115083,3.121559844,3.798028793,2.949390007,3.274388796,2.991669007,3.607669437,3.452553063,3.475380593,3.961658349,3.213252052,3.48756256,2.992111488,2.814913181,3.047274867,2.847572659,3.243286146,2.688419822,2.431363764,3.047274867,2.549003262,2.152288344,3.294245716,2.653212514,2.509202522,2.918030337,3.180699201,2.697229343,3.088844563,3.202760687,2.813580989,3.310268367,0
3.155639634,3.672836454,3.942851007,3.31993844,2.86923172,3.986099625,2.593286067,4.24831664,3.879554601,4.368063636,4.409933123,3.473048805,3.76305344,3.991359003,3.939619079,4.292809665,3.313234292,4.294245716,3.382737266,3.721563318,3.474216264,4.560743301,3.46329561,3.335658452,3.807805532,3.296884476,3.472171147,4.492453062,3.125806458,4.084826417,4.347369051,2.967079734,3.15715444,2.861534411,2.582063363,3.443106457,4.420731171,3.316808752,2.853698212,3.22685757,3.517195898,3.306853749,2.456366033,2.139879086,3.400537989,3.57426283,4.213942547,2.918554531,3.884001925,4.0533858,2.08278537,2.711807229,3.732152418,3.131297797,3.297541668,3.222456337,2.222716471,2.214843848,2.829946696,2.130333768,3.76147678,2.818225894,2.167317335,3.938469688,3.259354927,2.361727836,2.530199698,3.50731604,2.025305865,2.691081492,2.146128036,3.710878618,3.826657792,2.614897216,2.089905111,2.77524626,1.991226076,2.683047038,3.57955496,3.276231958,3.112269768,3.889077493,3.712902125,3.271609301,3.760120785,3.38147609,3.779596491,2.775974331,3.334453751,3.433129518,2.80140371,3.675869955,3.175511813,2.831869774,3.403977964,3.378034322,4.180183242,2.08278537,4.253313769,4.219453537,4.090046322,4.340939602,4.170848204,3.197280558,4.030842503,2.819543936,2.84135947,4.528582499,3.740915076,4.355719639,2.77815125,3.641077313,3.447158031,3.299725154,4.510906772,3.825880299,3.904715545,3.943890048,4.323355246,4.155578931,3.054995862,3.225567713,3.031004281,3.029789471,4.071255878,3.500373714,3.855397997,2.338456494,3.595385981,2.252853031,2.10720997,2.810904281,3.003029471,1.924279286,3.171726454,4.339033841,4.258589398,2.651278014,3.369772289,4.176756667,3.159567193,4.164352856,3.274619619,2.625312451,2.494154594,2.77815125,3.460145817,2.376576957,3.817102404,3.032618761,2.618048097,2.170261715,3.51600623,3.994273149,3.219060332,2.632457292,3.203848464,3.38147609,2.575187845,4.026696656,3.2219356,3.988291342,3.311117843,3.300160537,3.838786145,4.069963938,2.428134794,2.978180517,3.385069776,4.039453779,3.178976947,2.745855195,3.213783299,2.742725131,3.845470133,3.792951708,3.301464073,3.776628553,3.186391216,2.969415912,3.43917474,3.577261954,3.707995746,3.202760687,3.585235063,2.946943271,3.586137025,2.98721923,3.412796429,2.694605199,3.027349608,2.866287339,2.662757832,2.611723308,2.999130541,2.204119983,2.071882007,3.175511813,3.220631019,3.054613055,3.264345507,3.652343055,2.330413773,3.061075324,3.236789099,3.638289535,3.450249108,0
3.080626487,3.879611907,3.940167714,3.932016906,2.285557309,3.825231323,2.891537458,4.236940132,3.791339704,4.222196046,4.32446766,3.025305865,4.286950216,4.282100737,3.932016906,4.252683162,4.035149458,4.40462849,3.726238047,3.760497875,3.912328358,4.533581425,4.159958003,3.562173863,4.093491727,3.084576278,3.797475288,4.381169251,3.241546481,4.244128619,4.340781108,3.596047008,3.726727209,2.918554531,2.691081492,3.402948829,4.090822163,3.203576775,2.742725131,3.431363764,3.244524512,3.284205068,2.635483747,2.348304863,2.828015064,3.58591171,4.212720154,2.857935265,3.802363174,3.892928982,2.187520721,2.754348336,3.937718444,2.631443769,3.893983567,3.127104798,2.397940009,2.545307116,2.471291711,2.989004616,3.819543936,2.744292983,2.068185862,4.028937077,3.249198357,2.139879086,2.919078092,3.829753919,2.071882007,2.127104798,3.286905353,3.470851325,3.699577591,2.733999287,2,3.01911629,2,3.594171479,3.582517884,3.345177617,3.123198075,3.544316142,3.579669294,3.300160537,3.903578294,4.150142162,4.391340965,2.937016107,3.277838333,3.757320097,3.058805487,3.563836919,3.792811771,2.871572936,3.08350262,3.005180513,4.18774627,2.100370545,4.133570841,4.070074826,4.246227678,4.263801708,4.043205039,3.276921132,4.068445618,2.294466226,2.897627091,4.497606841,3.465085288,4.273579946,2.710963119,3.728840568,3.546172368,3.01911629,4.47364752,3.802431626,3.773713325,4.054842779,4.249491866,4.294994994,3.230959556,3.802568498,3.723865964,3.514813295,4.210157938,3.774443969,3.428458774,2.243038049,3.633266411,2.103803721,2.136720567,3.205745541,3.039414119,2.117271296,3.183554534,4.263375651,4.039612382,2.810904281,3.805908455,4.208951675,3.348304863,4.088419617,3.186673867,2.718501689,2.537819095,2.781755375,3.834992604,2.309630167,3.804684515,2.913283902,2.492760389,2.607455023,3.500510911,3.803866634,3.585235063,2.709269961,2.201397124,2.240549248,2.687528961,4.163429743,2.704150517,4.043755127,2.788168371,3.780893109,3.678427322,3.909716453,2.008600172,3.11058971,2.552668216,3.921894471,2.815577748,2.951823035,3.288919606,2.439332694,3.664453929,3.88326386,3.599337133,3.731346976,2.985426474,3.315550534,3.30427505,3.45331834,3.775537635,3.732313327,3.745777218,2.807535028,3.484442208,2.798650645,2.943494516,2.900913068,3.223495941,3.16613397,2.909556029,2.526339277,3.127104798,2.540329475,2.190331698,3.861175836,2.888179494,2.431363764,2.978636948,3.522183318,2.5132176,2.923761961,3.36604921,3.476396827,3.44294987,0
3.247973266,3.841109084,3.645913275,4.10462366,2.357934847,3.963031875,3.115943177,4.256837966,3.554004321,4.402312979,4.160168293,3.211921084,3.906281156,4.060433407,3.929623252,4.10625891,2.852479994,4.391182196,3.036229544,3.159567193,3.785258633,4.558180378,3.914607568,3.474944335,2.958085849,3.12904506,3.433609843,4.514109253,2.860338007,4.137037455,4.350306179,3.840482487,3.956024282,2.952792443,3.722140125,3.127752516,4.380663396,2.602059991,2.334453751,3.200850498,3.780101191,3.527243116,2.878521796,2.348304863,3.287577809,3.521661015,3.973589623,2.939019776,3.913018684,3.69019608,2.23299611,2.474216264,2.421603927,2.64246452,4.373518855,2.285557309,2.056904851,2.934498451,2.898176483,2.940018155,3.068927612,3.103119254,2.064457989,2.505149978,3.581380689,2.477121255,2.63447727,3.715585552,2.238046103,2.397940009,1.977723605,3.857211842,3.468051791,2.713490543,3.13481437,2.805500858,1.875061263,3.158663981,3.173477643,2.991669007,2.84509804,3.744918542,3.427648371,3.451479405,2.440909082,3.532244644,3.882524538,2.472756449,3.400883216,3.223236273,2.716837723,3.268577972,3.190611798,2.813580989,3.201397124,3.31196566,4.038381691,2.139879086,3.864570407,4.099369826,4.136498608,4.449694336,3.985516288,2.865103975,3.971275849,2.089905111,2.684845362,4.525576007,3.340047318,4.467445307,2.480006943,3.521007252,3.757471948,2.721810615,4.511080846,3.532627001,3.696181587,3.62283548,4.497662075,4.152563514,2.864511081,4.292942423,3.32407658,2.828659897,4.106394903,3.702688968,3.431363764,2.575187845,4.075875295,2.238046103,2.1430148,2.78604121,3.188084374,2.187520721,3.292256071,4.440594262,3.815245592,3.287129621,3.894703653,4.04906289,4.0548045,4.090786928,3.50242712,2.90579588,2.563481085,2.680335513,3.322632712,2.369215857,3.772468403,3.026124517,2.545307116,2.328379603,3.359266165,3.804480189,2.974050903,2.482873584,2.958563883,2.515873844,2.350248018,2.326335861,2.361727836,2.555094449,3.23578087,3.669874502,3.846027675,3.998738716,1.977723605,3.105510185,3.002166062,3.44294987,2.85308953,2.641474111,2.907411361,2.851258349,3.646795689,3.570426178,2.995196292,3.842671634,2.951823035,3.169086357,3.103119254,3.471291711,3.526339277,3.733518251,3.55278985,2.920123326,3.19893187,3.013679697,3.008174184,2.96425963,3.131297797,2.908485019,2.635483747,2.496929648,3.179551791,2.278753601,2.086359831,3.453012391,3.053078443,2.260071388,3.209246849,3.557627488,2.409933123,3.321184027,3.212187604,3.034628457,3.788309812,0
3.059563418,3.515741417,4.153814864,2.611723308,2.550228353,4.054421524,2.639486489,4.219741661,3.089905111,3.588495801,4.411383978,3.201943063,4.077295214,4.249222824,3.979548375,3.694078462,4.513177632,4.170379076,3.879554601,3.218272854,2.72916479,4.537970128,2.728353782,2.756636108,3.48784512,3.531351165,4.075838826,4.425110153,2.677606953,4.398408794,4.220813897,2.460897843,2.480006943,2.828659897,2.56937391,2.399673721,3.3818368,2.975891136,2.482873584,3.263162465,3.098643726,2.619093331,1.939519253,2.28780173,3.55448916,3.40790054,3.562173863,2.765668555,3.763502865,2.778874472,3.835500328,2.547774705,2.835690571,3.204933522,4.192037503,3.279210513,2.164352856,2.152288344,2.727541257,3.039810554,3.124178055,3.166430114,2.684845362,3.193958978,2.004321374,2.1430148,2.907411361,3.367355921,2.240549248,2.699837726,2.178976947,3.561459171,3.322012439,2.810232518,2.086359831,3.521661015,1.977723605,3.489677292,3.171726454,3.148294097,2.793790385,3.859738566,3.968155937,3.650987094,4.169703817,2.815577748,2.992553518,2.957128198,3.108903128,4.413819265,4.123524981,2.901458321,2.346352974,3.172310969,2.936010796,3.263162465,4.281783072,2.167317335,3.352761192,3.864807629,4.383635868,4.005008821,3.465680212,3.866641721,4.008472419,2.167317335,2.963315511,4.508839338,3.637289548,4.0295461,2.700703717,3.901240302,3.567379308,2.588831726,4.489142533,2.941014244,3.170555059,3.20709554,3.971739591,3.907088745,3.384890797,4.034588354,3.496791316,3.370142847,4.378270683,2.970346876,3.651665604,2.409933123,3.216165902,2.340444115,3.211654401,4.287488208,3.302979937,2.056904851,3.25163822,4.006294858,4.22605831,1.86923172,3.297760511,4.259235402,2.696356389,4.198162039,3.040206628,2.77524626,2.243038049,2.799340549,2.545307116,2.292256071,3.689752696,3.352568386,2.389166084,2.399673721,3.612041745,3.586362223,2.755874856,2.491361694,3.146748014,2.550228353,2.603144373,2.23299611,2.951823035,3.204662512,3.316180099,3.545925329,3.93333541,3.902709813,2.1430148,3.396024897,3.280805928,4.074377538,2.777426822,3.007747778,3.028977705,2.919078092,3.716921073,4.066512278,2.854306042,3.992686039,3.674585602,3.544688022,3.858115932,3.706888395,3.736794755,2.818225894,3.317436497,2.98721923,3.700963178,3.07371835,3.29578694,2.832508913,3.030599722,3.29380436,2.944482672,2.966610987,3.113609151,2.519827994,2.037426498,3.641474111,3.066325925,2.754348336,2.881954971,3.698448538,2.176091259,3.098989639,3.093071306,3.807805532,2.781036939,0
3.142389466,3.659060072,4.155973345,3.814047721,2.741151599,4.019033164,2.788875116,4.124145425,3.63748973,4.35911422,4.381638447,3.25139485,4.221492482,4.339987767,4.143451999,4.325987466,4.317561937,4.206205012,3.930133646,4.122019172,3.55291145,4.529686954,3.668199484,2.765668555,4.274942566,3.04060234,4.125871467,4.408409578,2.978180517,4.261001023,4.457215569,3.756940236,3.649237472,3.079543007,2.875061263,3.045322979,4.364663541,3.7107941,3.269512944,3.557747742,3.334654767,3.829689641,3.394801777,2.240549248,2.907948522,3.585347911,3.97331262,3.044931546,3.686278678,3.932016906,1.963787827,2.555094449,3.33304403,2.7084209,4.387300822,2.434568904,2.133538908,2.103803721,2.891537458,3.093071306,3.53058386,3.160468531,2.068185862,3.830396176,2.517195898,2.626340367,2.621176282,3.474216264,2.187520721,2.307496038,2.041392685,3.816506437,4.334252642,2.674861141,2.06069784,3.022840611,2.004321374,3.429106008,3.837967018,3.668758542,3.504198919,3.785116195,3.937216891,3.574841195,3.843295083,3.937367418,4.237870341,3.033423755,3.184407485,3.941312625,3.298634783,3.769229582,3.387033701,2.974971994,2.868644438,3.306853749,4.329092647,2.250420002,3.909288524,4.376741155,4.251540889,4.37977673,3.973681919,2.946452265,4.272143418,2.176091259,3.645324002,4.498544872,3.91481898,4.39981212,3.498861689,3.717420837,3.585573519,2.787460475,4.482244544,3.426348574,3.471438407,3.999782798,4.399500661,4.321038893,3.140193679,4.287107199,3.806247827,3.239299479,4.250566369,2.889861721,3.230193379,2.582063363,3.674401813,2.680335513,2.542825427,3.411451342,3.020775488,2.079181246,3.031408464,4.380319802,4.076276255,2.204119983,3.922362097,4.216799062,3.39252109,4.07419453,3.113943352,3.057666104,2.868644438,2.8162413,3.137037455,2.369215857,4.093106357,3.11058971,2.44870632,2.408239965,3.821185883,3.745387121,2.992111488,3.094121596,2.914871818,2.209515015,2.495544338,3.688686724,2.981818607,3.896360845,2.920123326,3.885304668,3.898780013,3.820004307,2.068185862,3.065206128,2.695481676,3.811575006,2.982723388,3.134177108,3.053078443,2.705863712,3.893262286,4.110050716,4.281964623,3.740915076,3.584783379,3.138618434,2.81756537,3.452399846,3.506910726,3.154728207,3.345961542,3.29136885,3.286905353,3.181843588,3.084933575,2.984977126,2.957607287,3.034227261,2.472756449,2.645422269,3.059941888,2.217483944,2.158362492,3.948999454,2.818885415,2.413299764,3.002166062,3.674034,2.445604203,3.138618434,3.098989639,4.17350677,3.723291446,0
3.611723308,3.53529412,3.329804522,4.062431553,2.605305046,4.202815141,2.519827994,4.299005816,4.197308132,4.383348518,4.320748478,3.495266744,3.555094449,3.829368108,3.955735842,4.112939976,4.139784664,4.418748616,3.942305753,3.210586025,3.672374979,4.504185317,3.979548375,2.713490543,3.492760389,3.42111013,3.31386722,4.43876379,2.619093331,4.367598164,4.219060332,3.629817196,3.939768775,3.421274791,3.389874558,3.864333055,4.41650737,2.789580712,2.240549248,3.711807229,3.664641976,3.552424846,3.074450719,2.250420002,3.273695588,3.677059177,3.568436414,3.04060234,3.982768577,3.569139725,2.487138375,2.399673721,2.759667845,2.357934847,4.0129637,2.460897843,2.071882007,2.50242712,2.951337519,1.963787827,2.900367129,2.992995098,2.344392274,2.389166084,2.593286067,2.29666519,2.695481676,3.451939869,2.06069784,2.983626287,3.03702788,3.815378485,3.419460073,2.587710965,2.201397124,3.211120541,2.100370545,2.944975908,2.939519253,2.873901598,2.847572659,4.056523724,3.09725731,3.418135498,3.291812687,4.105407986,4.306446474,2.866877814,3.105850674,3.446226402,2.948901761,3.496791316,3.31344537,2.915399835,2.994317153,3.656960183,4.293229925,2.100370545,3.759516759,4.145569298,4.371548093,3.752662943,3.97579931,2.491361694,3.744136452,2.217483944,2.808210973,4.468996809,3.567731963,3.73295637,2.626340367,3.678518379,3.509471352,2.771587481,4.462787191,3.431685345,3.770041554,3.548512256,3.703377369,4.021437396,3.094121596,3.937768567,2.951337519,2.515873844,4.359285154,2.726727209,3.307923704,2.113943352,3.788168371,2.049218023,2.149219113,2.941014244,3.353146546,2.146128036,3.079181246,3.728353782,4.187887178,3.62211036,4.036069701,4.124764984,3.042969073,4.279666944,3.328175661,2.267171728,2.968482949,2.532754379,3.032215703,2.255272505,3.789157492,2.84260924,2.307496038,2.444044796,3.461348434,4.031287249,2.828659897,2.757396029,3.622006673,2.624282096,2.225309282,3.033423755,3.330413773,2.372912003,2.958563883,3.300378065,4.18999534,3.950802823,1.991226076,3.207634367,2.896526217,4.191367166,3.08849047,2.625312451,2.879669206,3.250175948,3.961658349,3.197556213,3.632457292,3.623869268,3.435844366,3.283979284,3.393575203,3.534406899,3.714581209,3.797267541,3.48315921,3.01745073,3.741387992,3.101747074,3.473632927,2.920645001,3.127428778,2.957128198,2.7930916,2.346352974,3.047664195,2.190331698,1.986771734,2.921166051,2.943988875,2.821513528,3.178113252,3.694605199,2.158362492,2.862727528,3.123198075,3.544811912,3.716837723,0
3.495821753,3.768490105,3.853211335,3.827692289,2.826074803,4.168202747,2.921166051,4.246424715,3.075546961,4.411030147,4.286119503,3.225309282,4.13893394,4.218955418,3.727866449,4.024239306,3.241048151,4.252925812,4.090998298,3.33725954,3.819083076,4.591932329,3.683317262,2.996949248,3.464042205,3.753889331,3.937918903,4.474886135,2.755112266,3.849112166,4.273764959,3.322219295,3.656864492,2.871572936,3.671172843,4.108970717,4.331082964,3.040206628,2.720159303,3.256717746,3.517063873,3.928703027,2.252853031,2.292256071,3.343605508,3.637289548,3.604118006,2.45484486,4.243162115,2.940018155,2.117271296,2.389166084,3.361916619,2.920645001,4.312642725,2.888740961,2.380211242,2.222716471,2.918554531,2.056904851,3.258158193,3.271841607,2.348304863,3.2757719,2.710963119,2.451786436,3.42078062,3.637689819,2.123851641,2.962369336,2.053078443,3.707314634,3.120573931,2.810904281,2.352182518,2.974511693,2.206825876,3.24674471,2.915399835,2.809559715,2.23299611,3.86284666,3.661149857,3.318897715,3.262925469,3.834802054,4.121034302,2.749736316,3.51600623,2.903089987,2.440909082,3.723291446,3.417969642,2.589949601,3.154728207,3.330616667,4.285759783,2.149219113,4.011950866,4.093281568,3.84540814,4.06069784,3.904607364,3.642266619,3.937066312,2.307496038,2.893206753,4.564949979,3.571941635,4.071845201,2.696356389,3.956600588,3.652536419,2.81756537,4.546443949,3.622938969,3.563362409,3.352375495,4.035229556,3.999087023,3.12904506,4.208064948,3.484442208,3.067442843,3.816572696,3.135768515,3.511616021,3.150449409,3.016615548,2.305351369,2.025305865,2.439332694,2.95568775,1.897627091,3.09131516,4.052386095,4.033865867,2.823474229,3.835563752,4.082749477,3.100370545,4.053155303,3.329601248,3.62211036,2.645422269,2.719331287,3.12515583,2.285557309,3.724930914,3.474653253,2.444044796,2.344392274,3.566908655,3.705007959,3.064083436,3.149834697,2.46834733,2.120573931,2.496929648,2.367355921,2.952792443,3.29578694,3.026124517,3.531734309,4.106326912,3.990693961,2.627365857,3.046495164,3.38039216,3.97913847,3.203848464,2.857935265,2.804139432,3.436639632,3.835056102,3.781396305,3.134177108,3.78986263,3.51375015,3.306210508,3.470557485,3.256236533,3.724029973,3.163459552,3.889581802,2.847572659,3.448551739,3.240299582,3.677059177,2.920123326,3.179838928,3.126780577,2.532754379,2.552668216,3.024074987,2.309630167,2.093421685,3.565139152,2.894316063,2.553883027,2.674861141,3.250175948,2.456366033,2.959041392,3.222456337,3.038222638,3.887729797,0
3.180699201,3.777716739,3.747489492,3.974465636,2.804139432,4.092825873,2.947433722,4.229425848,4.088136089,4.39141151,4.355144896,3.322219295,3.60129931,3.86003839,3.720903171,3.757016235,3.237543738,4.219689289,3.090963077,3.72794771,3.812980166,4.552205696,3.904174368,2.949877704,2.687528961,3.140508043,3.325515663,4.468849286,3.018700499,4.125481266,4.28368559,3.597914471,3.836134149,3.390228362,3.396024897,4.050804948,4.50715396,2.609594409,2.178976947,3.294025094,3.800579622,3.865873528,2.802089258,2.31386722,3.373095987,3.750739751,4.201451749,2.873901598,3.875582104,3.061075324,1.944482672,2.665580991,3.052693942,2.627365857,4.3602904,3.8831502,2.08278537,2.439332694,2.902546779,1.991226076,2.91750551,3.005180513,2.100370545,3.45331834,2.501059262,2.437750563,2.995196292,3.668385917,2.209515015,2.848804701,2.553883027,3.88149878,3.616055195,2.726727209,2.029383778,3.01494035,1.755874856,3.136720567,3.450864692,3.283301229,3.153814864,3.748265573,3.476976466,3.250420002,2.352182518,3.851808514,4.15724516,2.77815125,3.390405156,2.982723388,2.553883027,3.666049738,3.606166315,2.887054378,3.229681842,3.308777774,3.451939869,1.986771734,3.500236475,4.12577395,4.139658736,3.891760401,4.243112493,2.730782276,3.887842265,2.096910013,2.741939078,4.513324162,3.630936119,3.893706293,2.33243846,3.686278678,3.482444792,2.990782692,4.492522928,3.109915863,4.09805504,3.343999069,3.859498558,4.048325251,2.781755375,4.334835602,3.019531685,2.608526034,4.085647288,3.060320029,3.467903947,2.167317335,3.73295637,2.198657087,2.178976947,2.432969291,3.238046103,2.045322979,3.040206628,3.89114703,4.119981307,2.876217841,3.822168079,4.001300933,3.744605875,4.119354881,3.45484486,2.457881897,2.357934847,2.771587481,3.247727833,2.307496038,3.808413551,3.128076013,2.503790683,2.550228353,3.583652109,3.946894195,2.818885415,2.444044796,2.942504106,3.050766311,2.503790683,2.247973266,3.304490528,3.509605705,2.747411808,3.579440597,3.984167127,4.087958789,1.986771734,3.158060794,3.412796429,4.066884743,2.974971994,2.715167358,2.992995098,2.934498451,3.852479994,3.676419232,3.255272505,3.783260233,3.36078269,3.155639634,3.4363217,3.544440137,3.513883186,3.286007122,3.635986112,2.828015064,3.742725131,3.200303183,3.810501348,2.948901761,3.10720997,2.916453949,2.680335513,2.618048097,3.044931546,2.482873584,2.127104798,3.146128036,2.954724791,2.702430536,2.682145076,3.305781151,2.702430536,3.152288344,3.390935107,3.356599436,3.855094951,0
3.519565501,3.9263939,3.838408278,4.106938451,2.678518379,4.001949941,2.883661435,4.353839324,3.724029973,4.145693524,4.272491401,3.315340477,3.659631012,3.903252817,3.841734779,3.659060072,2.765668555,4.250322397,2.900913068,3.43806745,3.536684673,4.632983391,3.981229487,3.18610838,3.229169703,3.184123354,2.879669206,4.28867392,2.622214023,4.092720645,4.344372622,3.563481085,3.892873407,3.244029589,3.21031852,3.693375151,4.096527666,2.818225894,2.409933123,3.41713941,3.42143939,3.679518744,2.69019608,2.235528447,3.192288613,3.746011108,3.981863891,2.898176483,4.05541656,2.678518379,2.149219113,2.595496222,3.307496038,2.781755375,4.159145928,3.346548559,2.900913068,2.921166051,3.049218023,1.698970004,2.892094603,2.941511433,2.004321374,3.511348515,3.496237545,2.622214023,3.204662512,3.759365622,1.963787827,2.499687083,2.238046103,3.752662943,2.730782276,2.753583059,2.434568904,3.172894698,2.06069784,2.763427994,3.497344381,3.35679046,2.959041392,3.758987547,3.181843588,3.565257343,2.879669206,4.08735543,4.300812794,3.058805487,3.350635608,2.852479994,2.357934847,3.459543258,2.959994838,3.012837225,3.053462605,3.803252211,3.180985581,2.155336037,3.374381698,4.198684573,4.097534947,3.781036939,3.451786436,2.541579244,4.022881813,2.235528447,2.62324929,4.593894982,3.325720858,3.801472314,2.324282455,3.781036939,3.536810866,2.755874856,4.574852755,2.713490543,3.062581984,3.211654401,3.679155241,4.200686376,2.834420704,4.081671287,3.000434077,3.026533265,4.049140463,3.507451061,3.200303183,2.041392685,3.293583513,2.367355921,2.103803721,2.28780173,3.214578954,2.06069784,2.873320602,3.759592309,3.706547103,3.075911761,3.192288613,4.182785442,2.537819095,4.211334164,3.300160537,2.260071388,2.883661435,2.580924976,3.397940009,2.281033367,3.757244151,3.328175661,2.431363764,2.423245874,3.408748606,3.345177617,2.951823035,2.804820679,2.773786445,2.167317335,2.656098202,2.089905111,2.8876173,3.621072371,2.786751422,3.341038632,3.792741786,3.999826247,1.986771734,3.047664195,3.577721525,3.996949248,3.29136885,2.457881897,3.167021796,2.682145076,3.725748333,3.668572269,3.319522449,2.56937391,3.320976677,3.425044875,3.203032887,3.498310554,3.794627445,3.533772058,3.702516697,3.433609843,3.180125875,2.945468585,3.388988785,3.003460532,2.904174368,3.244029589,2.897077003,2.506505032,2.941014244,2.340444115,2.152288344,3.026533265,2.540329475,2.380211242,2.361727836,3.145817714,2.416640507,3.134177108,3.086359831,3.642958879,3.591064607,0
2.996949248,3.836767047,3.876794976,3.718916686,2.728353782,4.10411138,2.851258349,4.259402728,4.363931473,4.380193146,4.494850022,3.590172832,4.083610105,4.210692981,3.859678577,4.190555792,3.485011215,4.381205361,3.28171497,4.040720984,3.705778213,4.524733559,4.0493731,3.351603072,3.474798819,3.109915863,3.770704768,4.485039645,2.86569606,4.26278321,4.526533116,3.478710756,3.566319622,2.918554531,3.091666958,4.116009679,4.195124423,3.308777774,2.957128198,3.465085288,3.569958818,3.466571072,3.24674471,2.235528447,3.027349608,3.535040813,4.271307119,2.814247596,3.635483747,3.512150537,2.096910013,2.580924976,3.788663213,2.759667845,3.992950961,3.379849179,2.130333768,2.255272505,2.764176132,2.670245853,3.599118565,2.904174368,2.264817823,3.748575617,3.76856411,2.426511261,2.773054693,3.722469386,2.195899652,2.565847819,2.033423755,4.101506496,3.952501848,2.519827994,2.212187604,2.989004616,1.963787827,3.024074987,3.25791845,3.191171456,2.748962861,3.637189422,3.696880372,3.571941635,2.995635195,3.874713689,4.0923697,2.873320602,3.452246575,3.002166062,2.498310554,3.470263447,3.630529571,2.651278014,3.272769587,3.1775365,3.8178297,1.939519253,4.060999853,4.056523724,4.260429176,4.143108523,4.188928484,3.121887985,4.054727932,2.201397124,2.807535028,4.481026768,3.813447544,4.160528554,2.579783597,3.739809599,3.209783015,2.991669007,4.471277039,3.552424846,3.992995098,4.064195836,4.109578547,4.212746765,3.187802639,3.904931827,3.792671789,2.822168079,4.246670886,3.45484486,3.46686762,2.31386722,3.904715545,2.245512668,1.986771734,2.365487985,3.05422991,1.73239376,2.932473765,4.125123273,4.297716751,3.158362492,4.037983949,4.187548921,3.434728542,4.166666883,2.849419414,2.652246341,2.409933123,2.682145076,3.456214155,2.068185862,3.9160853,2.935003151,2.51851394,2.481442629,3.693814854,4.143919938,3.394276527,2.64738297,2.757396029,2.23299611,2.53529412,3.848189117,2.987666265,3.827950528,3.349860082,3.77261505,3.999782798,3.814447379,2.733999287,3.028164419,3.641176547,4.306425028,3.261262869,2.764176132,3.057666104,2.91750551,4.172923864,3.743039155,3.143951116,3.764997599,3.131939295,3.461798558,3.111598525,3.583765368,3.603360924,3.163757524,3.821513528,3.000867722,3.854427506,2.772321707,3.614475366,2.944482672,3.099680641,3.040206628,2.531478917,2.460897843,2.88536122,2.318063335,2.117271296,3.777281792,2.687528961,3.57840997,2.625312451,3.484014963,2.595496222,3.08350262,3.384890797,3.92788341,3.280805928,0
2.881954971,3.588495801,3.406028945,3.911104318,2.822821645,3.939668984,2.62324929,4.124602028,3.721315881,4.443482036,4.33611937,3.228143608,4.068185862,4.204119983,3.803866634,3.535673803,2.779596491,4.145910834,2.477121255,3.98686127,3.621384028,4.556000803,4.095518042,3.000867722,2.652246341,2.731588765,3.240549248,4.24345973,2.608526034,3.476831629,4.190219608,3.877716801,3.758230408,3.146128036,3.421768401,3.964730921,4.375700185,2.584331224,2.290034611,3.555819683,3.18723862,3.759592309,2.281033367,2.330413773,3.010723865,3.235275877,4.234770295,2.742725131,3.333850145,3.767230098,2.064457989,2.450249108,2.902546779,2.857332496,4.437893191,3.318480725,3.227372442,2.181843588,2.712649702,2.897627091,3.063333359,2.809559715,2.025305865,4.314688651,2.781755375,2.915927212,2.940516485,3.414137362,2.178976947,2.733197265,2,3.68069803,2.86332286,2.848804701,2.06069784,2.547774705,1.949390007,2.683947131,3.164947373,3.075181855,2.645422269,3.143639235,3.117602692,3.1430148,2.863917377,4.193402903,4.373114381,2.741939078,3.167317335,3.025715384,2.46834733,3.357172258,3.113609151,2.602059991,2.998259338,3.124830149,3.432969291,2.056904851,3.641474111,4.323025094,3.433769834,4.255875273,4.286411556,2.82672252,3.861952375,2.447158031,2.596597096,4.527900445,3.589502796,4.285894712,2.401400541,3.730620798,3.724767246,2.56937391,4.514321914,3.026941628,3.934195349,3.477555332,4.233554493,4.072323438,2.860936621,4.31685063,3.693463127,3.121231455,3.411282913,3.15136985,3.15715444,3.012415375,3.241546481,2.100370545,2.10720997,2.431363764,3.009875634,1.982271233,2.77524626,4.253677165,3.816042341,3.184975191,4.156427992,3.828659897,4.278273326,4.246597049,3.641374945,3.716420734,2.818885415,2.557507202,2.922725458,2.733999287,4.218036331,2.958085849,3.322632712,2.334453751,3.666330744,3.82445127,3.263636069,2.600972896,2.877371346,2.618048097,2.527629901,2.748962861,3.781611782,4.349432952,3.059563418,3.820135752,3.785258633,3.827304641,2.064457989,2.985875357,3.280122896,4.056790548,2.595496222,2.511883361,2.928395852,2.769377326,3.65069598,3.291590826,3.103119254,3.575649615,3.301029996,3.13289977,3.260309946,3.273464273,3.775974331,3.137670537,3.802910489,2.923244019,3.688864568,3.37821615,3.955254683,3.033423755,3.024074987,2.903089987,2.633468456,2.264817823,2.894316063,2.369215857,2.068185862,3.815378485,2.650307523,2.737987326,2.781036939,3.686636269,2.26245109,3.046885191,2.998259338,3.337858429,3.885474303,0
3.164947373,3.72664572,3.949633924,3.245512668,3.188365926,4.137354111,2.872156273,4.175192788,4.103837916,4.448458964,4.330677517,3.438700533,3.663418212,3.892261607,3.70808081,3.989939013,3.534406899,4.214764397,4.105101245,3.822625679,3.846584503,4.546048866,3.585686278,3.498172661,3.36567514,3.079904468,3.90982337,4.496583734,2.94792362,3.78490245,4.264416387,2.980457892,3.08849047,3.089905111,3.238798563,3.715083671,4.393030898,3.305566314,2.859138297,3.385606274,3.440594262,3.36078269,2.269512944,2.31386722,3.502563669,3.538950562,4.07037039,2.627365857,3.944235844,3.74733411,1.995635195,2.720159303,3.718169405,3.119585775,4.347642205,3.65571455,2.264817823,2.093421685,3.028977705,1.913813852,3.518777069,3.198106999,2.123851641,3.584896344,3.205745541,2.426511261,2.786751422,3.548512256,1.949390007,2.800029359,2.164352856,3.854973674,3.534280005,2.92890769,2.071882007,2.697229343,1.903089987,2.879669206,3.296445794,3.178976947,2.963315511,3.773640193,3.548512256,3.503518313,3.097951071,3.80611211,4.116076172,2.665580991,3.291146762,3.293583513,2.655138435,3.295127085,3.198106999,2.880241776,2.8876173,3.479719235,4.205988851,2.068185862,4.090963077,4.268460959,3.797059695,4.101953177,4.243781916,2.932473765,4.149619342,2.06069784,2.935003151,4.521268876,3.530071569,4.11257149,2.818225894,3.994756945,3.705436047,2.912753304,4.512257361,3.557025722,4.11058971,3.751433082,4.083789188,4.199316274,3.129689892,4.260834312,3.059184618,3.461348434,3.767823498,3.650307523,3.261024834,2.498310554,3.687439775,2.309630167,2.045322979,2.679427897,3.165837625,2.184691431,2.719331287,4.098401422,3.951968584,3.668106238,3.947776708,3.842921121,3.115610512,4.221831377,3.405517107,3.056142262,2.385606274,2.808210973,2.723455672,2.344392274,3.917558021,3.142702246,2.705007959,2.257678575,3.567026366,3.776846409,3.089905111,2.699837726,2.350248018,2.187520721,2.705007959,2.694605199,3.346744055,3.648750213,3.096214585,3.483444648,4.064045963,3.748808005,3.266231697,2.94792362,3.137354111,4.194930399,2.884795364,3.093421685,3.096910013,2.920123326,3.989138224,3.83524654,3.256958153,3.752893155,3.555940438,3.001300933,3.349277527,3.617629298,3.582971929,3.270445908,3.641771471,2.790285164,4.096423331,3.014520539,3.835690571,3.251881455,3.045714059,2.810232518,2.526339277,2.534026106,2.960470778,2.328379603,2.089905111,3.089905111,2.682145076,3.250663919,2.770852012,3.260309946,2.285557309,3.152594078,3.005609445,3.435047641,3.717753693,0
3.621902961,3.757547853,3.571592383,3.727622578,2.44870632,4.091244766,2.916980047,4.35875314,3.734479789,4.374216605,4.180670553,2.940516485,3.777934049,3.98668218,3.754577656,4.075656434,3.757471948,4.410844691,3.565139152,3.256236533,3.611085733,4.517736779,3.832508913,3.137354111,3.491501766,3.103803721,3.926856709,4.460627264,3.341038632,4.368138065,4.286164447,3.385784959,3.617838748,3.550472957,2.664641976,3.013679697,4.391323327,3.570893036,3.215901813,3.31868927,3.464191371,3.898231385,2.920645001,2.278753601,3.186673867,3.670153045,3.757547853,3.243781916,4.01853407,3.706034661,2.217483944,2.579783597,3.444044796,2.505149978,4.297826143,2.837588438,2.372912003,2.959518377,3.151063253,2.819543936,3.121887985,3.287129621,2.214843848,3.521007252,2.149219113,2.411619706,3.094121596,3.629511534,2.053078443,2.933487288,2.788168371,3.405687787,3.247727833,2.883093359,2.173186268,2.751279104,1.959041392,3.42373725,3.383635868,3.257438567,3.156851901,4.134559577,3.345961542,3.10002573,3.274388796,3.963504499,4.302265975,2.797267541,3.199755177,3.683317262,3.246252312,3.145507171,3.475380593,2.838219222,3.366422957,3.402433346,3.409595019,2.053078443,3.197004728,4.015192042,4.371751107,3.797544514,3.868409303,2.936010796,3.994800899,2.06069784,2.625312451,4.474522203,3.557146142,3.7857568,2.564666064,3.651471852,3.5594278,2.970346876,4.464891762,2.902002891,3.558108302,3.50501424,3.755264891,4.159176032,3.129367596,4.189125207,3.147676324,3.067814511,4.371271101,3.252367514,3.347134783,2.457881897,3.596377144,2.209515015,2.330413773,3.239799818,3.254789687,2.195899652,3.210853365,3.768342059,3.861832998,2.686636269,3.901022173,4.269746373,2.856124444,4.080085085,3.197556213,2.737987326,2.710963119,2.761175813,3.012415375,2.298853076,3.83231727,3.046885191,2.269512944,2.42975228,3.527758753,3.727378569,3.009450896,2.938519725,3.056142262,2.532754379,2.485721426,2.748962861,3.022428371,3.516270883,3.318480725,3.735199548,3.985022082,3.891537458,2.562292864,3.455301772,3.077367905,3.726156466,3.086715664,2.656098202,2.960946196,3.188084374,3.745152895,3.499274582,3.636989102,3.741545517,3.130976692,3.442793226,3.168202747,3.474798819,3.68797462,3.703205371,3.707144188,3.286905353,3.285557309,3.161368002,3.423900919,3.228143608,3.07773118,3.169380495,2.652246341,2.752048448,3.116939647,2.26245109,2.029383778,3.279438788,2.914871818,2.004321374,3.243038049,3.31302311,2.390935107,2.943988875,3.224014811,3.07371835,3.560982056,1
3.395326393,3.939219636,3.368844507,3.701136066,2.558708571,4.067442843,3.10002573,4.253749808,3.46834733,4.317520127,4.443482036,2.902546779,3.391111614,3.717670503,3.831805809,4.28510703,3.821316971,4.435701063,3.177247836,3.814114356,3.446381812,4.553980065,3.545925329,3.049992857,3.036628895,3.193402903,3.036229544,4.449863925,2.91750551,4.34084055,4.432375938,3.4363217,3.536179532,2.980911938,2.399673721,3.664641976,4.437750563,3.162265614,2.73479983,3.415974411,3.480868924,3.590730406,3.312600439,2.292256071,3.243781916,3.697316542,4.142107772,3.199755177,3.923347656,3.596157081,1.968482949,2.695481676,3.312177356,2.719331287,3.543943942,2.515873844,2.301029996,2.113943352,3.09482038,2.84509804,3.018700499,3.068185862,2.146128036,3.427648371,3.461048092,2.754348336,2.828015064,3.766784515,2.204119983,2.409933123,2.133538908,3.405004665,3.689042339,2.84509804,2.190331698,2.966610987,1.832508913,2.888179494,3.626853415,3.41480628,3.182984967,3.823343791,2.992111488,3.308777774,2.895974732,3.873320602,4.264345507,2.807535028,3.173477643,3.32858345,2.836324116,3.079181246,3.190331698,2.767897616,3.426511261,3.410439786,3.725503269,2.056904851,3.808750972,3.949975178,4.354204511,3.95007263,4.004536318,2.57054294,3.992244144,2.206825876,2.803457116,4.513137661,3.644930708,3.981728025,2.607455023,3.769081787,3.54567815,2.821513528,4.494613701,3.33485569,3.540079089,3.976945751,3.925930598,4.176322821,3.057666104,3.487279816,2.799340549,2.812244697,4.348012638,3.169380495,3.257678575,2.44870632,3.8804134,2.409933123,2.155336037,2.776701184,3.082066934,1.986771734,2.972202838,3.939119718,4.24703988,2.382017043,3.649529566,4.262830635,2.883093359,4.189686783,3.356025857,2.653212514,2.496929648,2.72427587,3.617210095,2.369215857,4.017325555,3.185542155,2.206825876,2.506505032,3.613736141,3.679791171,2.958563883,2.870403905,2.579783597,2.255272505,2.57054294,4.131586588,2.509202522,3.497344381,2.818885415,3.761551989,3.982858942,3.940765436,2.482873584,3.254306332,3.218272854,4.015192042,3.267640982,2.571708832,3.174059808,2.815577748,3.691523522,3.258158193,3.341434525,3.887729797,3.360404055,3.097604329,3.089905111,3.40790054,3.540079089,3.815976001,3.657820456,3.478277832,3.56371834,3.268811904,3.127428778,3.407730728,2.978636948,3.024485668,2.549003262,2.606381365,3.097604329,2.267171728,2.201397124,2.833147112,2.923244019,2.816903839,2.809559715,3.553883027,2.53529412,3.051538391,3.138302698,3.104487111,3.929470016,1
3.385248682,3.973174053,3.671450554,3.10002573,2.858537198,4.148571809,3.16613397,4.285061976,3.23325001,4.320333263,4.382899152,3.194514342,3.721810615,3.936212044,3.722633923,4.280532844,2.816903839,4.394539231,2.978636948,3.10720997,4.100818396,4.481858091,3.9081632,2.792391689,2.72916479,3.102776615,3.366796383,4.45197055,2.746634199,3.468495025,4.454295931,2.906335042,2.975431809,2.683047038,2.866877814,3.764997599,4.403120521,2.515873844,2.214843848,3.194236749,3.576571684,3.446381812,3.189770956,2.167317335,3.181557774,3.788875116,3.8283376,3.015778756,3.904499155,3.331224781,1.986771734,2.997823081,2.59439255,2.649334859,4.341375164,2.298853076,2.809559715,2.173186268,2.853698212,2.274157849,2.906873535,2.898725182,2.184691431,2.673941999,3.363423933,2.235528447,3.059941888,3.859258417,2.167317335,2.217483944,2.064457989,3.62572391,3.416973173,2.898176483,2.100370545,3.08278537,1.949390007,3.374565061,3.435207103,3.265289626,3.102776615,3.783331763,3.357363031,3.380573003,2.809559715,3.819609733,4.184180195,2.680335513,3.211921084,3.0523091,2.507855872,3.426836454,3.051923916,3.072617477,3.569958818,3.204662512,3.443419462,2.136720567,3.7513561,4.096527666,3.481442629,3.94895061,3.944235844,2.460897843,3.756636108,1.73239376,2.641474111,4.444341515,3.454997217,3.934043719,2.416640507,3.723947976,3.436162647,2.930949031,4.426494995,3.416141031,3.658106836,3.881840968,3.897627091,4.019324037,3.065206128,4.251881455,3.028571253,2.815577748,3.402605242,3.02325246,3.636588184,2.781036939,3.717670503,2.017033339,2.049218023,2.58546073,3.209783015,2.328379603,3.02201574,3.934094268,4.247408562,3.336459734,3.569490954,4.276553709,2.530199698,4.109544801,3.08278537,3.342620043,2.334453751,2.691081492,3.380030248,2.235528447,3.830139387,3.136403448,2.356025857,2.568201724,3.526210004,3.770704768,3.232487866,2.964730921,2.170261715,2.190331698,2.753583059,3.721728199,2.460897843,2.733999287,2.784617293,3.762753565,4.122150319,4.031044717,2.113943352,3.171726454,3.392345155,3.869290404,3.261738547,2.753583059,3.115943177,2.670245853,3.813580989,3.519827994,3.000434077,3.849726444,3.165541077,3.580582877,2.96425963,3.273232834,3.461798558,3.862131379,3.733036683,3.389697548,3.843668723,3.262688344,3.152899596,2.898176483,3.31993844,3.033825694,2.691965103,2.365487985,3.012415375,2.217483944,2.127104798,3.028977705,2.789580712,3.1752218,2.745074792,3.596816936,2.646403726,3.347915187,3.56937391,2.605305046,3.635684763,1
3.419625361,3.991403303,3.439963936,3.574031268,2.396199347,4.282486162,3.098989639,4.319522449,3.290924559,4.344726218,4.312980862,3.028977705,4.000434077,4.132867788,4.007406352,4.260405332,4.124862728,4.410507297,2.550228353,4.055301864,3.447623098,4.54707287,3.816771412,2.941511433,2.979092901,3.145196406,3.964683815,4.256332818,3.248953615,4.12499302,4.579360525,3.273232834,3.367355921,3.132579848,2.167317335,3.48187241,3.973958686,3.075911761,2.671172843,3.390228362,3.54863506,3.489677292,3.118264726,2.260071388,2.880241776,3.628593256,3.95727198,3.09725731,3.842359573,3.4363217,2.025305865,2.71432976,2.810232518,2.584331224,4.44984851,2.523746467,2.1430148,2.328379603,2.904174368,2.103803721,3.681331706,2.953276337,2.178976947,2.707570176,3.184975191,2.426511261,2.764922985,3.879669206,2.255272505,2.36361198,2.029383778,3.46329561,3.517987203,2.710117365,2.139879086,2.857935265,1.919078092,3.433929766,3.263162465,3.104145551,3.093421685,3.5834255,3.007747778,3.332842267,3.03702788,3.978089173,4.291457654,3.031004281,3.272073788,3.713742478,3.173768823,3.265760917,3.57863921,2.84260924,3.425208051,3.305566314,2.51851394,1.944482672,3.55448916,4.040246215,4.117801408,3.719993826,3.92992956,2.92992956,4.11994836,3.01911629,2.716837723,4.501647969,3.46612587,3.715752717,2.582063363,3.59439255,3.623972512,2.894869657,4.493471993,3.208441356,3.574956776,3.783975003,3.687082845,4.250590759,3.09725731,4.298722114,3.511883361,3.875292825,4.090504941,3.01494035,3.711385379,2.414973348,3.938219418,2.220108088,2.396199347,3.246990699,3.163757524,2.198657087,2.933993164,3.700357528,4.104794286,2.096910013,4.125871467,4.270608971,3.37051309,4.212746765,3.547651658,2.87909588,3.013258665,2.720985744,3.183554534,2.252853031,3.915821788,3.135132651,2.352182518,2.505149978,3.403463701,3.521661015,3.33485569,2.991669007,2.790988475,2.214843848,2.567026366,4.14783085,2.610660163,2.77815125,2.866287339,3.919235038,4.297235102,3.734719842,2.079181246,3.275541688,3.172310969,3.843419665,3.196452542,2.540329475,3.281260687,2.579783597,3.659250469,3.270445908,3.368472838,3.811373897,2.877371346,3.513883186,2.717670503,3.33485569,3.426185825,3.209246849,3.6599162,3.45484486,3.135132651,3.131939295,3.08350262,3.075911761,2.88422877,3.321391278,2.62838893,2.706717782,3.050766311,2.278753601,2.103803721,3.557867962,2.749736316,2.214843848,2.965671971,3.454234896,2.278753601,3.02325246,3.364550995,3.043362278,3.422425676,1
3.265760917,4.066475014,3.127752516,3.536179532,2.257678575,4.229169703,3.222196046,4.22536098,3.562649672,4.337479228,4.412174844,3.041787319,3.995240202,4.142858551,3.684216795,4.29307514,4.050998079,4.402708347,3.581266805,3.670431409,3.539201599,4.317791816,4.093841767,2.632457292,2.547774705,3.169086357,4.340939602,4.025018972,2.722633923,4.017492446,4.566920428,3.062957834,3.307709923,2.780317312,2.834420704,3.579440597,4.095970922,2.424881637,2.071882007,3.531734309,3.776555911,3.031408464,2.640481437,2.507855872,2.862131379,3.672282625,4.05724758,3.01494035,3.856245401,2.892094603,2.06069784,2.469822016,2.29666519,2.889301703,3.795254183,3.441380885,2.187520721,2.146128036,2.773054693,2.170261715,3.40363519,2.960946196,2.049218023,2.463892989,3.322632712,2.442479769,2.816903839,3.965577958,2.096910013,2.206825876,2.021189299,3.579783597,3.586699802,2.685741739,2.056904851,2.759667845,1.886490725,3.518250651,2.733999287,2.812913357,1.698970004,3.479863113,2.423245874,3.574841195,2.45484486,3.976899951,4.251151343,2.878521796,3.282395505,3.08350262,2.348304863,2.84509804,3.286007122,2.883661435,3.321805484,3.191730393,3.116275588,2.120573931,3.832764305,4.050495759,4.026533265,3.401572846,3.9160853,2.250420002,4.203386492,2.938519725,2.966610987,4.258134225,3.681331706,3.350829274,2.630427875,3.495821753,3.490800952,2.442479769,4.258134225,3.355068206,3.547774705,3.836830286,3.313234292,4.125903968,3.130333768,3.679337031,3.551205944,3.305566314,3.988514366,2.611723308,3.260786669,2.235528447,4.027431158,2.28780173,1.913813852,2.521138084,3.159266331,2.08278537,2.636487896,3.349665984,4.084647761,2.096910013,3.897517129,4.330636951,2.935507266,4.197004728,3.506775537,2.666517981,2.496929648,2.62838893,3.286231854,2.193124598,4.141104709,3.110252917,2.255272505,2.318063335,3.611085733,3.848004271,3.46686762,2.84260924,2.489958479,2.089905111,2.666517981,4.035669835,2.57634135,2.42975228,3.01494035,3.871222557,4.169674434,3.825426118,2.033423755,3.216957207,2.5774918,4.089693209,3.245512668,2.929418926,3.162564407,2.123851641,3.837146344,3.000867722,3.132579848,3.92680531,3.037824751,3.306853749,3.002166062,3.512016969,3.570426178,3.451018452,3.852662944,3.390935107,3.243781916,3.092018471,3.184407485,3.056523724,3.039810554,3.211654401,2.756636108,2.574031268,2.918030337,2.625312451,2.136720567,3.551327988,2.369215857,2.635483747,2.551449998,3.511616021,2.340444115,3.13893394,3.400537989,2.361727836,3.526080692,1
3.378761175,3.735918117,3.513483957,3.13001195,3.172310969,4.092580301,2.808885867,4.324014798,3.302763708,4.413299764,4.432343841,3.167317335,3.440594262,3.670060217,3.931813704,4.394504213,2.923244019,4.362029849,3.145507171,3.289588953,3.568319085,4.510692431,3.77400573,2.741939078,2.971275849,3.201943063,3.576571684,4.292765404,2.749736316,3.422917981,4.17814207,2.861534411,2.990338855,3.096214585,2.909020854,3.688864568,4.230167816,2.431363764,2.120573931,3.341038632,3.498310554,4.069223957,3.058426024,2.260071388,3.216429831,3.828273112,3.955206538,3.203848464,3.964448208,3.192288613,2.193124598,2.561101384,2.274157849,2.709269961,3.813380807,3.65079304,2.474216264,2.421603927,2.752816431,1.838849091,2.751279104,2.806179974,2.746634199,2.480006943,3.594613509,2.276461804,2.846337112,3.620031895,2.100370545,2.814913181,2.250420002,3.875697762,3.215373153,3.109240969,2.146128036,3.02489596,2.178976947,2.943494516,3.525044807,3.325720858,3.126131407,3.5774918,3.256717746,3.309630167,2.741939078,3.974004797,4.251467875,2.751279104,3.526726867,3.121887985,2.586587305,3.790847904,3.01911629,2.655138435,3.291146762,3.349665984,3.663606708,2.1430148,4.042378598,4.114911084,3.422753941,3.719331287,3.988870966,2.73479983,3.795254183,2.403120521,2.668385917,4.47677368,3.467756051,3.720490068,2.403120521,3.694605199,3.631545228,2.853698212,4.459000239,3.579783597,3.625209525,4.041195234,3.687082845,4.038461196,2.914343157,3.687172105,2.895422546,2.62324929,3.373463722,2.71432976,3.671913012,2.350248018,3.786396461,2.276461804,2.029383778,2.589949601,3.235023159,2.212187604,3.440436766,3.70018433,4.258828771,2.797959644,3.485011215,4.286591183,3.107888025,4.184492689,3.245759356,2.737192643,2.519827994,2.582063363,3.652633068,2.238046103,3.968389542,2.980457892,2.394451681,2.346352974,3.490239485,3.740204736,3.184691431,2.711807229,2.931457871,2.354108439,2.592176757,3.697142126,2.44870632,2.564666064,3.137354111,3.74647851,3.992906818,3.9240207,2.1430148,3.08849047,3.243781916,3.806925777,3.242789809,2.686636269,3.059184618,2.71432976,3.766338475,3.385248682,3.053078443,3.805772632,3.119255889,3.431846046,3.03702788,3.716670976,3.641176547,3.533009022,3.812712867,3.121887985,3.408579125,3.079181246,3.59736605,2.854306042,3.289588953,3.023663918,2.850646235,2.587710965,2.993876915,2.267171728,2.139879086,2.989449818,3.085290578,3.014100322,2.985426474,3.601734148,2.238046103,2.955206538,3.290479813,3.170261715,3.616895426,1
3.509740016,3.608632989,4.008003672,3.448860846,2.563481085,3.986323777,2.751279104,4.219060332,4.003245055,4.333970933,4.214234349,3.264581729,4.339948062,4.403360776,3.94255368,4.177421057,3.932270776,4.259044094,4.437592032,3.629205657,3.892372907,4.53271617,3.837399024,3.741230411,4.047158001,3.162265614,4.367709922,4.416740334,3.382917135,4.375023129,4.502181223,3.298634783,3.255031163,3.174059808,3.048053173,3.178976947,4.447824472,4.283436925,3.896636431,3.593396842,3.502836639,3.405004665,3.071882007,2.230448921,3.384711743,3.971739591,3.559188189,2.914871818,3.934296407,3.662001879,2.53529412,2.723455672,4.006508828,2.898725182,4.310119537,3.42357352,2.29666519,2.311753861,3.169380495,2.463892989,3.456821348,3.086003706,2.033423755,4.183497611,3.18610838,2.220108088,2.935507266,3.397766256,2.103803721,2.117271296,2.146128036,3.523486332,3.864570407,3.217747073,2.103803721,2.641474111,1.929418926,3.697490887,3.682596291,3.499412126,3.176091259,3.649042634,3.345373731,3.622214023,3.932067692,3.650598898,3.938769823,3.218797998,3.586249639,3.818687663,3.118595365,3.531223375,3.400883216,3.311117843,2.67669361,3.271376872,4.308820433,2.120573931,3.982361702,4.078130431,4.373739318,4.379939723,3.800442121,3.070407322,4.302417519,3.101403351,3.644930708,4.503463818,3.59747579,4.382611313,3.471878199,3.570426178,3.571009672,3.551693915,4.485806574,3.30427505,3.225309282,3.767155866,4.361859992,4.19893187,3.267171728,4.225386827,3.995020606,3.763278211,4.375059754,3.956552592,3.147367108,2.587710965,3.350829274,3.079904468,2.250420002,3.2955671,2.995196292,2.117271296,2.309630167,4.379214841,3.597695186,3.411619706,3.98511198,4.184435888,3.730943693,4.296248243,3.644438589,3.255031163,2.298853076,2.957128198,3.32407658,2.401400541,3.800373355,3.50174373,2.357934847,2.276461804,3.680969718,3.553640336,2.940516485,2.999130541,2.910090546,2.959041392,3.061829307,3.623662707,3.672374979,4.211867761,2.880813592,3.431363764,3.85672889,4.182842459,4.069557105,2.961421094,3.310905629,4.045479453,3.187802639,3.526468512,3.130655349,2.771587481,3.769746467,3.840795899,3.241795431,3.768268016,3.36660971,3.536937023,3.390935107,3.396722279,3.704236337,3.198657087,3.674861141,2.77815125,3.40688067,2.949877704,3.072249898,2.877371346,2.768638101,3.354108439,2.73239376,3.062957834,2.710117365,2.396199347,2.139879086,3.949633924,2.603144373,2.303196057,2.445604203,3.515078675,2.336459734,3.409595019,3.197556213,3.554004321,3.511616021,1
