"200006_at","200632_s_at","200665_s_at","200738_s_at","200827_at","200838_at","200839_s_at","200931_s_at","200983_x_at","201012_at","201022_s_at","201141_at","201170_s_at","201185_at","201217_x_at","201243_s_at","201261_x_at","201289_at","201323_at","201422_at","201426_s_at","201578_at","201590_x_at","201666_at","201925_s_at","201926_s_at","201939_at","201951_at","202022_at","202068_s_at","202237_at","202238_s_at","202419_at","202457_s_at","202478_at","202490_at","202707_at","202814_s_at","202839_s_at","202887_s_at","202904_s_at","202939_at","202949_s_at","203001_s_at","203072_at","203083_at","203147_s_at","203382_s_at","203476_at","203895_at","204179_at","204264_at","204338_s_at","204472_at","204544_at","204584_at","204620_s_at","204679_at","205386_s_at","205677_s_at","205963_s_at","206426_at","206686_at","207016_s_at","207543_s_at","207574_s_at","208089_s_at","208399_s_at","208490_x_at","208538_at","208885_at","208891_at","208892_s_at","208893_s_at","208918_s_at","208961_s_at","209043_at","209101_at","209184_s_at","209185_s_at","209193_at","209345_s_at","209386_at","209387_s_at","209457_at","209487_at","209545_s_at","209624_s_at","209711_at","209875_s_at","210016_at","210095_s_at","210275_s_at","210427_x_at","210495_x_at","210512_s_at","210517_s_at","210592_s_at","210652_s_at","210845_s_at","211073_x_at","211074_at","211719_x_at","211924_s_at","211928_at","211988_at","212013_at","212039_x_at","212143_s_at","212171_x_at","212463_at","212464_s_at","212501_at","212632_at","212884_x_at","213274_s_at","213293_s_at","213503_x_at","213905_x_at","214527_s_at","214581_x_at","214620_x_at","214866_at","215033_at","215034_s_at","215792_s_at","216143_at","216392_s_at","216442_x_at","217356_s_at","217434_at","217762_s_at","217773_s_at","217996_at","218213_s_at","218698_at","218856_at","218881_s_at","218902_at","219038_at","219171_s_at","219206_x_at","219539_at","220719_at","221306_at","221419_s_at","221479_s_at","221523_s_at","221563_at","221591_s_at","221648_s_at","221656_s_at","221667_s_at","221730_at","221731_x_at","221745_at","35156_at","36711_at","58780_s_at","survival"
11.23940278,7.622191634,8.167936279,10.87190943,5.407961414,6.796735775,7.914241409,9.854801803,7.571363921,10.61678317,9.926675759,4.67176445,6.210427579,6.439740111,13.84601909,8.785600488,6.593710473,4.07981249,7.237095189,7.900504456,11.18561009,4.421537053,8.622551645,8.607824994,7.280468527,7.375506137,3.917477083,5.044666141,7.274969409,7.741650642,5.980036014,4.95414037,7.314446276,8.423644806,6.163552293,3.923419669,5.888134036,7.585951021,6.037463864,6.405217185,3.699121885,8.736344048,9.50939708,4.137508488,5.585927615,6.166322816,7.027726888,5.764493296,8.171038455,7.42167151,6.056552105,5.15249327,5.035905337,4.886665957,5.007154719,5.014938583,5.197987598,5.268701067,3.749616834,7.090437418,8.137569937,3.925422944,6.345487984,4.68283294,8.189077578,5.624135955,4.138047321,4.8775472,6.790098404,4.701987142,8.077061881,6.377701227,5.353171164,6.295306401,5.845787621,8.167870554,10.13247051,4.428675041,7.221300339,7.944418191,8.995886778,6.127083838,8.13575409,5.595787928,5.733960781,6.695723447,8.59903342,4.94963643,6.488553983,4.704205024,4.020549344,5.213653547,8.991531855,8.634915037,5.958933597,6.279371107,4.488102954,9.663189981,4.750512867,6.360236842,13.90771123,5.531615643,4.420832789,6.89024205,7.833038602,9.836007781,5.47281154,13.82970621,5.646393921,7.539190747,6.982529841,5.062178872,7.032913222,8.046455236,6.244967944,6.197329822,8.767344769,8.813399676,5.736433458,6.991007862,3.897605713,4.583721977,6.48593535,4.392130114,5.979243723,7.000717037,6.873860703,5.690036088,5.31070908,7.192507942,4.595088319,8.608218547,10.33188281,4.147080603,10.21133554,7.695309781,8.085931991,6.382200658,6.70971778,4.66383332,3.756145107,7.431442125,7.096315283,3.966286812,6.245447991,8.103277608,8.229382455,5.81306234,6.698265643,6.75141466,4.912473065,4.989500421,5.753364822,3.683152911,4.656091208,6.210211464,8.816050857,4.763194999,6.15543988,0
11.4328528,8.234789749,9.68100394,10.88469947,5.689365765,7.664572062,9.364986579,10.53522118,6.889243851,11.35476513,9.419192984,5.266679202,9.657890816,6.645097144,13.73309265,10.1528474,6.488458442,4.643802442,6.356771054,11.7860667,11.67811261,4.16617754,10.44742175,9.588767728,7.766295333,8.226279423,4.118901537,4.808327247,7.444957505,8.171828187,4.742661098,5.048295393,6.344480438,7.974383877,6.652060427,3.623968577,5.982414561,6.313486208,5.815488026,8.504438562,3.768601127,7.238541375,8.383515903,4.359618297,5.796136214,5.92601645,6.642656227,5.936008603,6.395801616,5.610548208,5.946866784,4.788701563,5.117892236,5.742037181,4.875583122,5.406842412,8.926078089,5.419007041,3.595464503,7.297600746,8.013480109,3.917031162,6.419776082,4.577970742,7.477959985,9.571421424,3.834126132,4.660227249,8.270585638,4.523994417,9.362866516,8.078636067,7.116825184,7.45216151,6.332796209,8.485831391,8.445933552,4.358074367,7.786148091,8.748776911,8.175910508,6.864787937,6.728903992,5.167147968,5.920662558,6.959393569,9.589153572,4.94399786,5.964388642,5.373877741,4.142998356,5.815652494,9.283476288,10.40419576,5.5839906,5.744219136,4.944656124,11.50313983,4.616117104,8.451388965,13.44999858,6.788022587,4.475447644,7.93189543,7.046495701,9.442420317,5.83829491,13.6217849,5.679019349,7.690165004,7.845506861,5.554605286,9.303175465,6.770049663,5.650567889,5.959178271,8.496397454,10.54423072,5.776516428,6.3121595,4.22346751,4.842220365,6.580312139,4.38147392,4.763579102,6.774174346,7.052416325,6.401378377,5.463706514,8.010816598,4.87714908,7.49937789,10.25980806,4.433065639,10.16797291,7.167120442,7.605266738,6.378444542,6.521581212,5.139918096,3.620722638,7.32198779,6.17526123,4.540051184,6.826509894,8.852679045,8.72687438,5.172848951,6.868388397,5.951904833,5.182723669,5.546091388,5.791541608,4.069721689,9.137649385,6.153714743,8.480220353,8.561316518,6.78973589,0
11.61202368,7.76100579,8.840011793,11.06681003,5.735784662,8.088849918,9.32309288,10.95833291,8.731652193,11.41045977,10.40079689,4.476934129,8.901556434,5.831254401,13.91745661,10.51806852,5.988224679,4.489098931,7.193468738,8.023742509,11.57915239,4.402534136,10.52523058,9.209133281,8.633074869,9.225846902,4.404366398,5.052660467,7.394401614,8.491470583,4.975489347,4.395554646,7.44181619,8.816726551,6.715397485,3.867320149,5.848801053,8.273139594,6.303929497,7.852066694,4.375507224,8.688110102,10.13329704,3.963408251,5.166796871,5.760753119,6.997311746,5.860129967,7.765149194,6.119277568,5.175676312,5.756570372,4.341613565,5.474797767,5.183556594,4.732920233,4.796662884,4.979687611,3.473413351,8.602186622,8.646900574,3.622946908,5.985558706,4.263658985,8.212690502,7.288626348,4.105681553,4.393468809,6.16625059,4.411768406,9.168205578,7.390815683,6.570096578,6.543859256,7.312697396,9.044173346,10.00663589,3.825387174,7.150465099,8.509067725,9.35624487,6.084844237,6.54153958,5.106587129,7.113354601,6.976479945,9.049829966,5.171548255,6.58058827,4.83733422,4.064476816,4.665425961,9.704654489,10.53542753,5.387993635,6.685864564,4.736109648,10.48896616,4.639060385,6.74953397,13.81706158,4.745653256,4.33179324,6.781816656,7.637951194,10.0756212,4.615983198,13.83280557,5.466632758,7.180201704,8.077279292,5.020378359,7.373849786,7.410096455,5.828504863,6.519737991,8.955971097,10.61658489,5.15279114,7.420054344,4.080385361,4.918935604,5.62729085,3.97166389,5.099262248,8.133567348,6.152951726,6.010430833,5.032331671,8.642753485,4.460403699,6.344678687,10.13105104,3.983886496,10.62431785,8.32798985,7.903573635,5.86696667,5.761793187,4.60575151,3.727323058,7.415166849,7.096645894,3.657732626,5.779077275,7.526743673,8.894655489,5.799416514,8.107756756,5.905070594,5.539818417,4.567644674,5.713932303,3.67966024,4.326521544,6.033049952,8.341738777,9.508346423,7.078105907,0
11.25120197,7.898015532,7.38645136,10.88269235,5.834269482,7.274679094,8.337000503,9.698086184,7.543495249,11.47166657,9.490608787,4.714949666,7.246168014,6.26728079,13.84313077,10.00799413,6.397257604,4.33934279,7.308091661,8.306336519,12.01275221,4.693053468,9.350128517,7.716419843,6.737573572,6.787295696,3.971064779,4.921603061,7.241487702,8.014139271,5.019349994,4.453746028,7.275737655,8.552481407,6.584733188,3.769389552,6.047116343,5.604878003,5.527508716,6.994052784,3.551085196,7.702064279,8.839041432,4.127711644,5.698436723,6.003127746,6.745633178,5.661174561,7.556540793,5.834642869,5.718669564,5.350761121,4.675487228,4.968703577,4.736411879,5.250397588,5.628886297,5.257852913,3.760515526,7.574122498,7.994253096,3.80207903,5.922710675,4.715715484,7.922045608,6.057403547,4.341271696,4.714254882,6.253670017,4.543347695,9.332328659,5.905140288,4.569210359,6.414906273,5.796087113,7.675475604,9.945053369,4.037006789,6.721260506,8.132428203,8.294471918,6.689619632,6.356231919,5.00575026,5.276509855,6.706917242,8.431248538,5.134424554,6.253087078,4.834733355,4.086573561,5.471073963,9.481822547,9.303589583,6.08365778,5.002947163,4.585830997,9.813008439,4.447929427,6.80456353,13.90256344,5.483409938,4.786883877,6.930072539,7.986807484,10.59319691,6.193280915,13.88437279,5.756878216,7.134051724,7.673984965,5.255669159,6.263917599,7.742686983,5.891042744,6.278318324,8.917053782,9.312002659,5.533693322,7.177319121,4.112185671,4.803566624,6.598658609,4.066555371,4.765178341,7.75820815,6.774586363,5.917796644,4.980895945,8.325846354,4.659562455,6.92038132,9.954863044,3.893472904,9.742480939,7.735140271,8.367258936,6.26538009,7.094717724,4.991564824,3.668744233,7.906865088,6.502126519,4.139300618,6.360383657,8.366351979,7.609482511,5.674250228,6.958241207,6.144450864,5.27106925,4.969748816,5.727102977,3.790199495,5.032336285,5.886015577,8.625625616,5.855172629,6.839068381,0
11.26502484,8.038392072,8.107512357,10.73217703,5.766156137,7.192372752,8.838342058,9.273301816,7.350297933,10.86533123,10.03777803,4.400909305,10.53681879,5.839481943,14.06451514,10.20850523,6.24980031,4.223486724,6.842445897,7.772755302,12.03888983,4.91128695,9.178282848,8.344241463,7.221940588,7.731217609,4.423946085,5.260750295,7.16352896,9.092033902,4.916651691,4.403282939,7.218472509,9.031035452,6.220754233,4.074430041,5.739940771,7.43107837,6.654225082,9.976427482,4.223486724,7.694873581,8.678033472,4.210967651,5.355628581,6.143185637,6.794526603,5.052685924,8.681734965,6.22007516,5.17635222,4.763400359,4.836006085,4.87976088,4.93070938,4.836858178,5.411370933,4.974526512,3.818308147,7.709551468,7.679627165,3.768992422,5.601996216,4.442788509,8.039677454,8.306901458,4.268477402,4.605270947,6.489018983,4.518287687,8.035975518,7.452147433,7.239851073,6.705515553,6.251912829,8.735559405,9.530400979,3.91023534,7.599170534,9.136004554,8.281716328,5.958357225,5.432744216,4.5717351,5.370774341,7.748061553,9.177980262,4.876451373,7.152276443,4.740358067,4.014920294,5.06175673,10.16892019,9.048891232,5.601996216,5.875884559,4.647186306,10.4419062,4.784255215,6.946658102,13.99455544,6.706895787,4.363446518,6.505459528,8.250898926,10.31138405,4.921714336,13.98184495,5.501155861,7.071052313,7.416504208,4.869059615,7.15417943,7.108209983,6.059775853,6.38439792,9.334429581,9.105891375,5.324566854,7.63611609,3.903530343,4.645560945,5.772305935,4.013238405,4.542038193,7.849122636,6.403792598,5.067982164,5.454271395,8.289149119,4.686303334,5.41284957,9.965428818,4.158910329,10.16670342,7.664871904,8.108686473,6.460183107,7.114038729,4.523686361,3.759096115,7.395916375,6.166308094,3.92346101,5.90864905,8.143994027,9.184746673,6.523471165,8.048430458,5.827609909,5.185415119,4.574521094,5.841778224,3.514191115,4.313676762,6.335660345,8.542937963,11.28509497,7.22566414,0
11.40046728,7.742460934,8.150091567,10.9382097,5.679833552,6.691939332,8.13652091,10.05943953,7.799052255,11.32770504,9.925378116,4.641692386,8.131637304,6.187626753,14.00070995,9.197872962,6.080761531,3.81120903,7.347007423,8.721859253,11.95857577,4.661346955,10.01223426,8.205520859,7.486437799,7.780462543,3.719202868,5.642755109,6.904988014,8.055451204,5.283339587,4.50212072,7.265927686,8.893276064,6.336125185,3.778174104,5.950516987,7.525898917,5.773207253,6.838611783,4.102910994,8.10340891,9.630609144,4.035548315,5.564337221,5.885093473,7.254469794,5.703194731,9.008801447,6.509597599,5.503626205,5.708264119,4.473016703,4.934636516,5.236626804,5.125793991,6.017684269,4.897627706,3.586826527,8.036396155,8.172365009,3.917315166,5.581238514,4.614316504,8.042636269,5.543509571,4.027862817,4.68826738,6.622026475,4.132766318,9.847696842,6.447806367,5.287313678,6.707421741,6.233276579,7.722268342,10.19607833,3.875808248,6.507864093,7.463329186,8.524898431,6.377619784,7.375515602,5.896472608,5.687048975,7.696968921,8.403973739,5.217942341,6.756104484,4.823989769,4.080244919,5.218581089,9.993594019,10.12099801,5.586967659,5.06732439,4.538243184,9.75396191,4.570771868,6.481987935,13.93434358,4.138705212,4.41805126,6.720395149,7.98402187,10.19803961,5.222322886,13.89487975,5.672151562,6.888769263,7.621778621,4.860235239,6.837030539,7.846559183,6.033701873,6.263989034,10.04929386,10.09258268,5.215989278,7.780309719,4.221024248,5.148321828,6.140736057,4.182173356,5.956693042,8.188163223,6.258320048,5.769738651,5.076459203,9.129341841,4.698504849,5.572917104,9.299242078,3.934371447,10.22823697,8.383531192,8.658659379,6.163384174,6.657602756,4.648508017,4.115346118,7.823877108,6.591605191,3.717972973,6.126241886,6.825887315,8.811595896,6.739751925,7.591224273,6.073520294,5.298075221,4.66764946,5.726838329,3.60217568,5.512390288,6.402170124,8.296835654,6.335329857,6.576661365,0
11.31643065,7.941187495,7.18573306,10.81826844,5.620683433,7.329104779,9.216858618,9.48225204,7.626018661,10.8800411,9.232001951,4.889167729,7.291809848,6.479737276,13.87110131,10.30717175,5.773022108,4.112188699,7.534789959,9.53326813,11.50019643,4.708196801,9.767141273,9.177645922,6.958526176,7.113424066,3.802051469,4.797619906,7.135792945,7.492456245,5.138801624,4.276965267,7.380722645,7.840781227,6.04337381,3.819057411,6.23345272,6.15433908,6.753206881,7.327275843,4.20438121,7.568865444,9.148358829,4.072780182,5.54198453,6.188560776,7.295157384,5.713130436,8.43939669,6.287187984,6.064079278,5.574359254,5.084827017,5.06996229,4.721583382,5.310882284,6.259450808,5.155709831,3.751147756,8.193599204,8.401393228,3.843536446,5.617479102,4.970521962,7.861802505,5.813839927,3.845227801,4.731752677,6.069504241,4.506622633,9.09439401,6.883414515,5.130025497,6.452400511,6.239689243,7.443810199,9.886159811,4.061494802,6.842994249,7.685672685,8.665774097,6.369065054,6.796872525,5.129762883,5.684852355,8.959833551,8.245352608,4.933303016,6.325848927,4.805471537,4.120309195,5.627160018,9.301901942,9.626906224,6.033964131,4.943401237,4.619497748,9.683339855,4.771491518,6.931028279,13.71157767,3.80410086,4.818756089,6.95452748,7.752354161,9.549956706,5.250097236,13.83210903,5.702856138,7.168481458,7.988002367,5.30028968,6.848652393,7.388340011,5.922934839,6.543502302,9.46395858,9.795162986,5.45494583,7.43753285,4.260603198,5.119667472,6.487944785,4.20096271,5.150025721,8.012681861,6.566548461,5.696151088,5.519769878,7.949530577,4.832204539,5.571072395,9.265415845,4.110556541,10.4864408,8.02847592,8.902163569,6.436290495,6.285030277,4.799388232,4.200007041,7.652922145,6.717747743,3.675434079,6.204686555,7.25137617,8.840203816,6.071784139,6.749299849,5.965884057,5.472255265,4.630076332,5.983117345,3.746742656,6.139972844,6.306443122,8.837475443,4.833883704,7.971516802,0
10.94588307,7.576066194,10.87423056,9.7736431,6.664854154,7.364215048,9.720276707,10.50104695,8.029554485,9.71906184,8.788880793,4.600124787,9.515656874,6.705308398,13.7158169,7.096617004,7.965547431,5.173471931,5.724071174,10.95111906,10.67636858,4.942853624,10.08281365,10.74327468,5.475550539,8.478122317,4.301704249,4.897692158,7.653001365,7.212763305,7.307416065,6.000501813,7.238561415,7.687316152,6.0277594,3.716471512,5.996393377,5.68453052,7.384079464,8.016609312,3.471850172,6.783464968,8.937360243,4.216147984,5.69310669,7.008377022,7.341726258,6.618051386,7.595303514,5.115393696,5.432192044,4.482170092,4.951737163,4.833306879,4.34814765,5.210933479,6.628003796,5.093631684,3.78513078,7.492659626,7.452862489,3.7137428,6.323134744,4.772295838,7.432201405,7.967002687,4.081994325,4.559717692,8.881817052,4.828220807,7.273474618,8.126216872,8.495554594,6.793019399,7.241346193,8.04843466,7.147622658,5.614552455,7.365008604,7.409650086,7.246426894,6.619482493,5.715402078,4.512001302,5.391327771,7.616363718,9.013843282,4.92748111,6.919884432,4.576684254,4.123515,6.315420141,7.291315733,10.1352179,10.52533148,6.939996385,4.833724769,11.22035232,4.814880512,7.955891462,13.65863869,10.95872168,10.53005953,7.517915343,7.88727715,8.622624924,6.132193633,13.77592614,5.860961924,8.242721157,8.190185319,9.926377714,8.875158146,5.442541889,7.30042404,6.682295713,7.230622652,10.25224142,6.914248453,7.893247415,3.860862221,4.892012917,6.743289273,4.334699497,4.745837183,7.658970407,6.872882727,5.424008679,9.921452732,6.553399549,4.779455471,7.309821032,9.701020093,4.787886317,10.08557296,6.369999976,7.888267966,7.099102941,6.659621639,4.734991444,3.495009914,6.907670427,5.768985987,4.028501318,6.570360623,10.42503393,8.729156246,4.541032312,6.873009278,6.225190876,5.482225306,5.449534868,6.185024272,4.784208228,7.597897625,6.467864974,8.991838793,9.670761653,7.096067538,1
12.14629311,8.308748635,4.360271095,11.31650063,7.476767794,7.114199065,8.718419305,9.012399099,10.0071436,8.155727067,10.96698712,5.61107617,8.861927562,7.953318349,13.7221182,9.62221056,6.392712422,6.011310301,7.552642652,10.76315748,11.2832632,6.811642763,12.36577574,10.37313641,9.818335774,10.50616777,4.112755308,4.122642181,7.455738327,9.18841125,10.09050361,8.642557233,6.888577976,8.401612878,5.47895577,3.926160702,5.752882482,7.438231745,7.303823789,11.35349629,3.498887968,9.763588532,9.198801094,4.115582986,6.670540537,5.742678763,8.08381615,4.727914774,8.369288528,6.081769459,6.016338252,5.893790039,4.582126409,4.919782181,6.538981592,7.774156903,4.744481436,7.177030814,3.744597277,8.518004495,9.406501758,3.785380798,5.666807839,4.551194962,8.32642946,6.496732304,4.327620002,4.230626957,5.649384617,4.657874595,5.987867267,3.950584175,3.787022374,5.186589145,7.82865271,7.584000069,8.424674606,4.117283422,8.135908659,9.558777531,7.060161318,6.589380883,10.46150192,8.233759715,5.255538115,6.306452705,7.645474685,5.300795522,6.961338054,4.55422103,9.025276439,5.315047531,7.661381675,12.35229341,6.173448312,7.783074351,6.165622373,10.32468868,5.452131063,7.291867565,13.61773906,5.219641873,4.939653553,6.909578982,9.238759086,8.303949243,8.276194997,13.60074881,5.493004586,7.896935043,9.226980732,5.452733131,9.288083807,6.331703852,5.811189319,7.925728995,4.9701922,12.18291229,5.325872127,9.270483622,3.799205111,5.332812914,6.280463609,4.168763706,9.387363638,8.42676145,6.262880894,5.149077777,5.479179302,9.13995719,4.434037332,9.431575997,9.574501165,4.326754347,10.3748829,6.64221851,7.049845331,6.440113046,6.084763624,5.608196552,3.869519514,6.821366881,7.419179475,3.721504106,5.808545241,7.5734999,7.934818439,4.114528128,5.711469178,6.851268242,6.462615323,5.361791124,7.846610619,3.662356446,3.98724429,6.758653123,8.422387918,3.514892094,6.027524221,1
11.82044662,7.375648383,11.54657838,10.785397,6.085591112,7.3132852,8.349052505,12.30261079,8.14381644,9.842975505,10.80323437,5.073020359,8.778637038,6.824126377,13.23252147,10.03839756,6.535685447,4.183405496,5.192833787,9.069203888,10.47240807,4.94100352,9.140534907,11.32183601,6.137153933,8.941290134,4.052144455,5.180130117,7.519593196,7.781818176,4.886130158,4.54679153,6.333235935,7.042607947,6.143249759,3.903552386,6.223606892,7.7443576,5.974517973,8.022411565,3.531009907,8.277325723,9.745826288,4.366260819,5.648265754,5.861580883,6.470427861,5.673369078,6.919429222,5.708227325,6.061552215,4.868545351,4.847619093,5.139455083,4.703882686,5.406004279,6.0349178,5.276732857,3.761708797,7.768365054,7.403256046,3.946052996,6.948637322,4.9333429,6.82198655,6.191022904,3.95872021,4.928875892,9.707239202,4.78046652,8.089429553,5.714974208,4.347933178,6.243254097,5.677988557,6.978942728,9.265068426,4.173056623,7.577833113,8.264356753,7.867172277,6.258821886,6.891040079,4.997111303,5.609871094,6.241053462,7.681453819,4.744990743,7.072744215,4.859813962,4.392197499,5.624424082,8.585075586,9.050636634,6.073975258,4.6596063,4.925794853,11.1710222,5.006648544,6.946315953,13.12179839,7.015645886,4.938458201,7.15455607,6.828222405,8.612941003,5.667037924,13.00568165,5.820875497,7.503755068,6.820054148,5.353472539,6.524885111,8.555626187,6.27712972,6.496217718,6.765695445,9.217388427,5.488912954,7.0902498,4.184592135,5.373853327,6.428654033,4.323586712,5.175572148,7.472557903,6.694456768,5.60452797,5.450390062,9.006732445,4.863793127,9.855753191,9.567490795,4.044984374,9.707715384,6.709169501,7.83349855,6.352775505,6.090609342,5.009640543,3.725204195,7.128237316,6.087977581,3.730093633,6.608158572,7.68644307,9.489941055,5.534437991,7.074549195,6.084793039,5.268062602,4.772326978,6.188898662,3.764764448,5.368431278,6.334914609,8.124348711,8.008006487,6.343968287,1
11.54965073,8.050464751,8.919330938,11.04596326,5.848855921,7.452489548,8.441587614,11.26607041,7.27407469,11.60945291,10.16298736,4.854070943,8.057930562,6.439203711,13.85530407,9.441975522,6.273145086,4.088227937,6.720600815,10.10751087,11.77786836,4.584144654,9.277382127,9.603813483,8.337132099,8.994723545,5.159680688,4.849540235,7.42456276,8.124332879,4.601294015,4.503028511,6.944361742,8.855066454,6.310682017,3.796172878,6.031784603,7.120234465,6.007657633,7.49738722,3.628488578,7.483036162,8.371826067,4.25452569,5.562706281,5.912932975,6.808764731,5.919573339,6.112654819,5.655589913,5.939070675,4.755807745,4.869428697,4.95601972,4.85191136,5.215141668,6.883245217,5.120360387,3.592148819,7.563812471,7.756948353,3.8018465,6.527376681,4.568375686,7.772445825,8.655159654,4.261431359,4.654737171,7.479990385,4.490868615,9.897748057,7.102773013,5.626997861,6.859478268,6.837611686,7.879305329,9.300577653,4.110393646,7.216992497,8.53300175,7.94280078,6.612083776,5.793084783,4.594308353,5.879172506,6.456721148,9.184626904,4.861904862,6.252042731,4.756938015,4.072035966,5.381518829,9.63152239,9.115468937,5.913103934,5.096380729,5.079167908,11.60670942,4.509227348,8.96664601,13.70695846,7.845876483,4.587105202,8.535510787,7.47551253,9.89261879,6.344598212,13.69344151,5.834313083,7.493541918,7.458023561,5.12279889,9.014247746,7.593701286,6.382677644,6.117316525,8.519167853,9.288930905,5.577614188,7.571026021,3.923315622,4.723923248,6.865705523,4.158592125,4.680471677,7.328403409,6.950828398,5.707593535,5.211918241,8.627313663,4.758908292,7.119851843,10.31890551,4.047284869,9.896034882,7.608948818,7.565884777,6.434866764,6.803603804,4.417523748,3.646061845,7.219064447,6.764479367,3.728344245,6.585785522,9.774331698,8.281605483,5.772519653,7.561103862,6.353551706,4.788369203,5.064914778,5.677382522,3.711793748,6.534006725,5.843075431,8.570398729,8.354025067,6.942180753,1
11.28987242,7.911873824,8.516485058,10.86950343,5.76652385,7.338954382,8.689739287,10.7491349,6.987163024,11.2228086,9.855512427,4.650231462,9.2647153,6.310735008,13.88126343,8.898268143,6.349891476,4.335566507,6.685666175,9.387626945,11.82315545,4.248417717,8.683737099,8.883365889,7.511094371,8.170580053,4.033018373,4.694066233,7.420957982,8.795419947,5.164105215,4.409324025,6.837488796,8.279657397,6.028653762,3.853563122,5.923455212,6.551367856,6.211650559,8.755984921,3.631824242,6.798255411,8.345979461,4.306496417,5.789879367,6.182723222,6.815111208,6.057171685,6.64310263,5.720490752,5.980695504,4.417158139,5.054900142,5.281716579,4.621610255,5.315171609,5.9132552,5.039483069,3.635637791,7.462895608,7.903361326,3.802801428,6.486725918,4.669169442,8.14031949,8.076155732,4.069843645,4.972473988,7.148538278,4.575023292,9.023385098,7.667991322,6.2483554,6.657077747,5.562941575,9.044546167,8.686737364,4.239118653,7.636373153,8.76461142,7.722170213,6.450801818,5.636107559,4.574940454,5.963055591,6.946078803,10.10032833,4.941775589,6.535966903,4.661825839,4.085022092,5.240684349,9.548819432,8.909006939,6.028991157,5.399422359,4.893594777,11.04422484,4.767937107,8.004926443,13.8909293,7.21167213,4.630395619,7.386475235,7.511167912,10.33901133,6.44626828,13.85219492,5.963830484,7.318348085,7.487935324,5.108098766,8.081655829,7.102241377,6.495627049,6.260528086,7.818618349,8.939891801,5.485642829,7.577792823,3.889286631,4.805354701,6.746253644,4.272458133,4.484349566,7.417964691,6.747185188,5.481417087,5.568287716,7.947416167,4.771113399,6.640784927,10.20669675,4.20401297,10.08287751,7.498006388,8.192218853,6.539785506,6.528050293,4.842301285,3.46754895,7.132744876,6.370838802,3.96926023,6.228877253,9.176202174,7.955130286,5.674250228,8.418192142,6.258142183,5.255366289,5.03170624,6.168604686,3.833881096,5.383785334,6.072770525,8.927666746,9.311381154,6.67993402,1
11.47897784,7.849860512,11.05763538,10.70964375,5.716824793,7.861562687,9.547401965,10.97299881,7.739029076,10.56131839,10.14875009,4.813115144,9.28997516,6.345268654,13.68594736,9.238458866,6.115624609,4.132369707,6.898551714,10.07211426,11.36091081,4.935877797,9.543154172,10.53067521,6.710550871,7.955856017,4.151222884,5.034836809,7.456104393,8.170157398,5.361588069,4.357758321,6.735605492,7.626209742,5.865999373,4.340021105,5.959544171,6.358726286,6.056821797,9.007353672,3.6128528,7.455297024,9.105778072,4.585924724,4.958814659,5.943992806,6.842013093,6.42433001,7.775553619,5.898097858,6.19055466,4.913470453,4.897253135,5.089755754,4.336031474,4.981770355,6.292189902,5.021553056,3.579868735,7.97941636,7.729639315,3.849216354,6.632217084,4.492059193,7.653430268,7.903514171,4.560535668,4.682831351,7.46711806,4.302446917,8.741010875,7.398408097,5.999858665,7.411249377,5.958938188,7.376339035,9.066490552,4.229360354,6.84275675,7.988822237,7.679563907,6.745319348,5.909627426,4.789106138,5.329809699,6.704565404,8.633100468,5.247088029,6.184110447,4.97262421,4.215284887,5.139645008,9.244445378,9.529302412,6.591470982,5.659747748,4.741743016,10.845295,4.943561032,7.582719091,13.53076793,7.4112866,5.586535369,7.331346747,7.814459176,9.958500223,5.48623979,13.66621084,5.845330573,7.704113534,7.23134457,5.841679179,7.256818705,7.798659482,7.067605982,6.672454221,8.202748954,9.550301752,5.274336983,7.787664899,4.090826496,4.825887893,6.228896134,4.445487846,4.894604798,7.538946004,6.43128352,5.519236883,6.044960271,8.00861445,4.860863007,8.240128305,9.878391619,4.587054866,9.679897547,7.727417162,7.631593329,6.607377688,6.76425147,4.774451657,4.079380275,6.611178357,6.299250592,3.629154322,6.74189538,8.185171714,9.367609355,5.940612551,6.981005009,6.289099745,5.699626612,4.832963671,5.8468553,3.86079717,6.607377688,6.24510638,8.838772812,8.345453181,6.506670592,1
11.35662496,7.845889661,11.07099986,10.82796151,7.749568789,8.424077616,10.40112589,10.39057048,10.03272686,10.54515282,11.41183923,5.060353169,9.5138304,7.440637841,13.64373249,8.29219668,7.894094717,8.796375078,7.092818293,8.764203165,11.73916733,5.039389665,12.27985843,11.15793186,6.328478543,8.150153718,6.593435677,5.214973535,7.237334388,7.993195585,10.40893199,8.244506837,6.774405407,7.530718734,6.77552353,4.040626188,5.80693299,5.77883161,6.921533624,9.506921131,3.840433084,7.325546161,10.17580638,4.397302708,5.69310669,9.650784647,6.974656619,5.864874132,8.603586152,5.319618538,5.578685211,4.976040179,5.676219788,4.963769643,4.341716128,5.163193428,9.358021211,4.997752687,3.546528139,7.221263695,7.578913537,3.924273681,6.081764454,4.751190807,8.65970119,7.585660135,3.886467043,4.358028757,6.63091024,4.389820165,7.973757215,7.192617843,6.088104708,6.788603901,6.601852928,7.978856625,8.728573697,8.712481938,7.988037263,7.94762295,7.505111732,6.568500118,7.399143806,5.093250584,6.194235078,7.278389856,8.408893879,4.66292114,6.084720556,4.938236085,4.130080082,9.33261936,9.568249979,12.27074203,13.04772601,5.791227571,5.765547969,10.43464703,5.071756412,7.854679771,13.54212193,10.58081117,12.74559538,7.265608357,7.940567667,9.593784467,7.92146772,13.62360762,6.248109597,7.124164269,8.873221598,12.56951225,7.943920034,7.599521591,5.973832827,6.640369454,8.218692273,12.28518441,7.702101694,6.850600639,4.40804616,5.073102292,6.724740932,3.757121266,5.654251122,7.604429294,6.389265041,5.493131592,12.35556713,7.459279109,4.588178698,6.661970323,10.32621033,4.78908191,10.17262337,7.133993506,8.988533502,6.216980562,6.84981163,5.187887187,3.784269268,7.573089391,5.902408949,4.377969562,6.228574253,10.46450568,8.760362798,4.984596021,7.33806555,5.54448794,5.080529401,5.002890003,6.60761333,7.703202081,9.009321183,7.149661944,8.96590247,8.997485432,7.378378792,1
11.51004599,8.230075341,9.949435851,11.04077596,5.765734363,8.024246284,9.567694797,11.17481534,7.061236327,11.24850593,10.4472455,4.856764759,10.52627455,6.240186777,14.13001939,9.801923603,6.420394286,5.721974781,6.397267425,10.9296785,11.69051182,4.642104045,9.62240201,8.666196691,7.361734963,7.739517388,4.116230751,4.956600378,7.515767828,8.877070625,5.408851601,4.600751726,7.011176294,8.381470292,6.392166533,3.877990248,5.782635755,6.98721629,5.469374615,10.86202752,3.362271549,7.097727909,8.604828458,4.179120154,5.63362432,5.880592805,6.809171092,5.168374194,7.751909383,5.677104222,5.800133599,4.727689093,4.817283205,4.996006696,4.665458135,5.205592178,7.908579473,4.900381701,3.688621972,7.774733214,7.862496964,3.8288606,6.079645172,4.687607806,8.383503973,9.832199201,4.242704181,4.734579377,6.616467281,4.571286502,9.596425617,7.498513324,6.441810214,7.220763245,6.125221002,8.443080297,9.525073581,4.407336488,7.577892655,8.750230378,8.498056729,6.429606729,6.315535183,5.038932617,6.475995065,7.16117052,8.782582859,4.497918695,6.817818818,4.669698949,4.091204842,5.50762329,9.888000115,9.513842404,7.060634769,5.547413624,5.180463286,11.64361927,4.711747043,8.137934257,14.01622733,3.846879504,5.914776872,7.658460688,8.07822092,10.38935177,4.973850047,14.0644696,5.771482274,7.404388791,7.621229188,6.327432932,8.750714198,7.587509143,6.042298686,6.362491189,9.260175725,9.668987598,5.631026036,8.223629216,4.299793378,4.899542701,6.324830829,3.96700467,5.056096364,7.476063066,6.380612311,5.856147373,6.631461193,8.499042682,4.554274118,8.298691786,9.437138447,4.26068333,9.793173534,8.035518675,8.627902071,6.596509937,6.476830589,4.678052602,3.752683471,7.115224041,5.832228398,3.778894068,6.259971864,7.191967187,9.683961186,5.884399839,8.067014506,5.657717501,4.846698411,5.182870298,6.349206899,3.655545699,8.037059796,6.258577178,8.402384341,11.30081141,6.99132663,1
10.89830287,8.044271902,10.78113845,10.8329075,6.292606768,9.052654589,11.47908788,10.71948857,6.728178148,10.18852325,9.000153366,4.625523539,10.27472528,6.520607864,13.32605941,9.166311792,6.246273924,4.359214132,5.800437363,13.34321121,10.64357896,4.803647547,11.59249244,11.0089308,7.909625266,8.874008838,3.917230627,4.731892076,6.763683914,7.324330601,5.159447547,4.517706261,7.080490098,8.027223176,5.916999099,3.833625646,6.028799908,5.854989056,7.376341153,7.819493901,3.701912243,7.993190423,7.896801672,4.281636639,6.00297203,6.029831532,7.271693089,5.538115385,6.740492815,5.327019817,5.717355021,4.803859343,4.986602585,4.704672958,4.622482076,5.270102361,9.013209619,4.986535569,3.733661522,7.006664975,7.538441797,3.801322078,6.22296817,4.783194513,7.427345982,9.778256148,3.974265447,4.94117316,7.009114106,4.527577491,9.331311084,10.24774837,9.169568579,8.26340349,9.450384839,7.378695674,7.87717759,4.010826485,7.259329163,7.906727435,7.896300022,7.214770611,4.973518554,4.326117025,6.239227648,6.184050268,9.272116485,4.701815983,5.441147014,4.864632294,4.248359211,5.278771476,9.228489908,11.57891819,6.092638984,6.909380233,5.008117698,11.97958201,4.852994167,10.27480891,13.19547044,7.938793867,4.76397118,8.596968147,7.534040641,8.229659877,5.127634744,13.32987456,5.864821306,7.916393921,6.203848857,5.416829599,10.85646691,6.606126864,6.50364019,8.728430411,9.374863049,11.80710634,5.602416845,7.290156848,3.976000223,4.894473585,6.793109766,4.143424955,4.403658536,7.700461225,6.587609071,5.85554026,5.790135594,6.913373301,4.621908249,8.346364104,9.957812342,4.074584712,10.19744363,6.819496126,7.575350328,6.632784896,6.531638194,4.873578594,3.74582622,7.417541429,5.818301326,3.896778812,6.417243453,8.200295389,9.159472321,5.542587231,6.468460979,6.133493277,5.068896622,5.929539301,6.205332414,3.79306501,9.240840949,6.822516988,8.778540909,9.151616382,7.148768192,1
11.50770125,8.335116449,10.043364,10.64585641,6.010055697,7.950534739,9.88427037,10.65218008,7.654542487,10.84897282,10.22430631,4.971055984,10.15983863,6.072510464,13.99780317,9.395938306,6.213416837,4.331919747,7.464764503,10.27681271,11.32012977,4.685335253,9.569107426,9.133630878,7.333698011,7.101672094,4.080021292,4.812031971,7.227971522,8.442584603,5.221300731,4.246836085,7.592565143,8.151544845,6.92148779,3.905539293,5.746495603,6.822034214,6.509011462,9.249831489,3.926552429,7.639064718,9.386728349,4.188456203,5.448750427,5.941885646,7.126440224,6.645985716,7.551461192,5.890461528,5.833531767,4.935256644,4.859593112,5.1181279,4.413374354,5.147327721,5.928305805,5.032815654,3.809204183,8.284844234,7.895611803,3.682223338,5.812386583,4.692597872,8.561246966,8.352772197,4.160449038,4.701304724,6.461623046,4.951250238,9.356594072,7.560960289,6.382603143,6.8571353,6.661513574,8.676567908,10.36005108,3.947052754,7.531106586,8.483740098,8.351756643,6.467187678,5.937616792,4.72531105,6.071473982,7.50464005,9.85096877,4.931864186,7.543809132,5.062678976,4.074629482,5.239255165,9.470871134,9.627891244,6.404253132,6.564513664,4.645114377,11.10402004,4.689585077,8.558635836,14.01060696,4.462449046,5.318208452,7.532546114,8.245789888,10.25636194,5.306263235,13.90666554,5.718058479,7.398006392,7.725196647,5.668268795,7.970337602,6.902388836,7.788974242,6.666981709,8.749980968,9.671678106,5.327356155,7.552779633,4.178219299,5.114766017,6.298581954,4.126649459,4.735423145,7.508680129,6.382302787,5.770674439,5.731265961,8.234144834,4.678210683,7.847308343,9.541769932,4.06692063,10.46027674,7.978054195,9.133302321,6.64704194,6.247154046,4.423511543,3.7797513,6.60613887,6.226651925,3.66985424,6.297170719,7.527034938,10.44611461,5.714095586,8.165381006,5.976762412,5.529667681,4.829487886,5.823131508,3.634089896,6.307233561,6.66541299,9.044554888,10.2706854,6.553085246,1
11.01886616,7.205237914,9.804188889,10.26382127,6.306203767,7.366897248,9.919030558,9.003845371,8.11084481,10.3188001,9.360488219,4.538375348,10.43207229,6.867070219,13.74282405,7.722121109,7.368465551,5.775331758,6.486707787,10.02983606,10.92770074,4.775173017,10.65440974,9.846162307,6.014606043,7.637447826,4.329882878,4.840072207,7.113268003,8.032973824,7.490003701,5.486000372,7.608509066,7.786662198,6.39757157,3.869290305,6.106636027,5.92301227,6.34170741,9.142702838,3.721319174,7.082600635,9.650678698,4.309127586,5.839285052,7.283971458,7.616500668,5.786884502,8.37504522,5.793040401,5.66345059,4.677990365,5.191667095,5.078788344,4.389224874,5.102746491,7.072722146,5.058860591,3.999656559,7.68797873,7.803446934,3.970671756,5.645069464,4.890548526,7.730479434,9.110031151,4.199912837,4.713500196,6.607493813,4.718619629,7.676119249,7.605060268,7.403479747,6.520863362,7.208848261,7.510176535,8.637965457,5.456097328,7.326844164,8.043758148,7.462565109,6.304134002,5.868382711,4.634214273,5.486135113,8.060598607,9.357929143,4.690142082,6.971975117,4.480593754,4.089210193,7.099648355,8.347864934,10.81029253,11.57501198,7.973803537,5.090166446,10.78866775,4.962595105,8.584462785,13.77390489,7.507977194,11.14475649,7.266558685,7.966546601,9.239634127,6.935013217,13.7749503,5.927336954,7.584041066,7.985095373,10.98249047,7.787871091,5.761238254,6.691794598,6.515709372,8.295927655,10.93441083,6.824767404,7.140262679,4.123632309,5.003352128,6.415997113,4.240071103,4.704973082,7.860304554,6.688161976,5.798268625,10.92784668,6.033779651,4.832499059,5.988959754,9.185546004,4.583715501,10.21824864,7.25145712,8.345059936,6.673458331,6.496007402,5.080503502,3.717096594,7.269896481,5.815160153,3.959228767,6.520863362,8.200040264,8.837403043,4.885238812,6.814449178,6.064539564,5.686271563,4.790213618,6.425942159,4.541755748,7.834879017,7.692941263,9.129187675,11.277666,7.249610481,1
11.65150584,8.123895682,8.274243344,10.88303549,5.603939569,7.214767402,8.726220527,9.11050444,7.616060638,11.28048588,10.03259717,4.669782326,7.809971586,6.008683275,14.09677628,10.09674032,5.823151512,4.232678301,7.710530265,8.194198085,11.76192548,5.29772269,10.11913163,8.128354668,7.36749739,7.667028825,3.807274497,5.006664127,6.753420918,7.043311285,5.025820441,4.345452963,7.486484556,8.925184013,7.180855228,3.985406877,5.965303326,6.28044322,6.560941973,6.686824386,3.717851815,8.820217717,8.423388097,4.080602929,5.289616767,5.846033481,7.010739934,5.424351585,9.111702542,6.274455281,5.779272831,5.903670568,4.693377648,4.680312854,4.994505414,5.015138266,5.494754558,4.941506163,3.621936149,8.284052063,8.391358776,3.723444614,5.689044418,4.511246941,8.226663841,5.453758483,4.398857648,4.484028696,6.317620203,4.495050295,9.080710131,6.46115099,5.96283651,6.689734337,6.046321573,7.268148512,10.34805848,4.058354911,7.030025874,8.377616902,8.648052086,6.355881705,7.425994024,5.451109253,5.405323798,6.96326995,8.680734313,5.108391242,6.611429725,4.891818056,4.028085084,5.170887223,9.660662262,10.08106243,5.625676962,5.406095045,4.811136886,9.213738308,4.829890707,6.117041204,13.80836967,5.027501952,4.566804949,6.879531377,7.747010441,9.780677136,5.443180193,13.93587529,5.697985829,6.948902196,7.599618071,4.834721991,6.578929043,8.238218329,6.087154911,6.076421491,9.940605035,10.19523137,5.420707998,7.616557495,4.413495814,5.308464695,6.270471674,4.090730411,5.470777583,7.902662856,6.467576369,5.741603065,5.105974534,8.716104035,4.601256157,6.491740564,9.879474181,3.969731963,10.30966419,8.340247215,9.038001963,6.039878805,6.627171132,4.688023935,4.099258782,7.723632933,6.783630784,3.739848983,6.182663156,7.377644334,8.616317813,7.297010143,7.692274509,5.838612324,5.598576586,4.703449445,5.819194503,3.595540143,5.4161951,6.081561734,8.633159847,5.538488313,7.067848629,1
11.09724384,7.409234957,9.408544173,10.21616547,6.072625029,7.143050729,8.695550935,10.34326232,7.564552639,9.42988758,8.953082222,4.968717185,8.344006177,6.862226527,13.42349781,8.258338837,6.643568877,4.291842473,5.876547792,9.738812817,10.50567514,4.800767977,9.847019743,9.868850231,5.97355291,7.659630469,3.796070273,4.699044788,7.054179393,6.963538403,5.365449277,4.609927744,6.932639609,7.369894178,5.911831565,4.065376541,6.422882458,5.872274269,6.25902708,6.820066992,3.580717927,6.326437437,8.492598565,4.38790996,5.876559518,6.539458538,7.190545009,5.68708294,7.912818,5.789843673,6.421076836,4.785946842,5.000605385,5.481591282,3.942246522,5.40624392,6.409392782,5.250200909,3.823299049,7.974759517,7.847073736,3.916492994,5.990198007,4.863965956,7.423994793,7.379255994,4.308400927,5.219843454,7.171670405,4.538638988,8.0160009,6.218769238,5.10881935,6.112766653,5.851632166,6.73205675,8.405584193,4.322629385,6.547693604,7.509027865,7.308793053,6.609985675,5.923279967,4.815654938,5.650670572,7.155083862,9.172772946,4.894008433,5.56466566,4.839391119,4.121324071,5.878173306,7.616832676,9.556546674,6.842697835,5.541440942,4.736365775,10.76804143,4.746291833,7.280775826,13.23835212,9.511705235,5.857744644,7.31238258,6.981698887,8.873628159,5.592834084,13.49317078,5.73665681,7.374054646,7.724595624,5.700689104,7.901446243,5.831903959,6.560704951,6.524410189,7.583418635,9.83161709,5.558439531,7.101389172,3.888571531,4.939482229,6.580135406,4.176701827,4.917222352,7.598172097,6.882083464,5.961710986,6.238845616,6.263736407,4.928890332,6.781350434,9.750511335,3.992139073,9.981977604,7.141250161,8.027902916,6.683692272,6.419313871,4.77536619,3.787832946,7.526499784,6.441023752,3.994369448,6.928964449,9.153855587,9.075698202,5.467062475,7.409730706,6.182128878,5.606499568,4.901234195,6.292443758,3.916659162,5.871926477,6.505817562,8.815338904,9.412557688,7.21143372,1
